date,asset,old_weight,new_weight,turnover,transaction_cost,slippage_cost,portfolio_value
2014-10-15,BTC-USD,0.0,0.25,0.25,25.0,12.5,99850.0
2014-10-15,GLD,0.0,0.25,0.25,25.0,12.5,99850.0
2014-10-15,SPY,0.0,0.25,0.25,25.0,12.5,99850.0
2014-10-15,TLT,0.0,0.25,0.25,25.0,12.5,99850.0
2014-11-12,BTC-USD,0.25666788164918536,0.25,0.006667881649185359,0.67235127314308,0.33617563657154,100826.60013950017
2014-11-12,GLD,0.23241276043346693,0.25,0.017587239566533075,1.7733972400478262,0.8866986200239131,100826.60013950017
2014-11-12,SPY,0.2688328375985471,0.25,0.018832837598547092,1.898996263352545,0.9494981316762725,100826.60013950017
2014-11-12,TLT,0.2420865203188006,0.25,0.007913479681199403,0.7979502964478017,0.39897514822390084,100826.60013950017
2014-12-11,BTC-USD,0.2087613915682687,0.25,0.0412386084317313,4.081208162990494,2.040604081495247,98953.46637871725
2014-12-11,GLD,0.268276071143643,0.25,0.01827607114364299,1.8087043567997378,0.9043521783998689,98953.46637871725
2014-12-11,SPY,0.25492017261113104,0.25,0.004920172611131035,0.48692837579891196,0.24346418789945598,98953.46637871725
2014-12-11,TLT,0.2680423646769572,0.25,0.01804236467695719,1.785575430391837,0.8927877151959185,98953.46637871725
2015-01-12,BTC-USD,0.19617010642423785,0.25,0.05382989357576215,5.071849890766578,2.535924945383289,94204.73462779315
2015-01-12,GLD,0.264144967485606,0.25,0.014144967485606008,1.3327381317556668,0.6663690658778334,94204.73462779315
2015-01-12,SPY,0.261685824269616,0.25,0.011685824269616008,1.101037780465837,0.5505188902329184,94204.73462779315
2015-01-12,TLT,0.2779991018205401,0.25,0.027999101820540107,2.638073978545071,1.3190369892725355,94204.73462779315
2015-02-10,BTC-USD,0.2000437844844225,0.25,0.049956215515577496,4.415025347070165,2.2075126735350823,88364.65347981434
2015-02-10,GLD,0.2658376353546697,0.25,0.0158376353546697,1.3996969307396299,0.6998484653698149,88364.65347981434
2015-02-10,SPY,0.27171118950744355,0.25,0.02171118950744355,1.9187893038158017,0.9593946519079009,88364.65347981434
2015-02-10,TLT,0.2624073906534641,0.25,0.012407390653464079,1.0965391125147186,0.5482695562573593,88364.65347981434
2015-03-11,BTC-USD,0.3145185558350558,0.25,0.06451855583505578,6.038393533725047,3.0191967668625237,93573.4641033871
2015-03-11,GLD,0.22050014854024672,0.25,0.029499851459753285,2.7609376867613764,1.3804688433806882,93573.4641033871
2015-03-11,SPY,0.2333151553771247,0.25,0.01668484462287531,1.56156095836286,0.78078047918143,93573.4641033871
2015-03-11,TLT,0.23166614024757257,0.25,0.018333859752427434,1.7158948886008338,0.8579474443004169,93573.4641033871
2015-04-09,BTC-USD,0.2087291962725339,0.25,0.04127080372746611,3.7567515636193014,1.8783757818096507,91015.58709529451
2015-04-09,GLD,0.2659162151562135,0.25,0.015916215156213498,1.448803046576321,0.7244015232881605,91015.58709529451
2015-04-09,SPY,0.2635350044624078,0.25,0.013535004462407796,1.2320489204310097,0.6160244602155048,91015.58709529451
2015-04-09,TLT,0.2618195841088445,0.25,0.011819584108844483,1.0758995966119407,0.5379497983059703,91015.58709529451
2015-05-07,BTC-USD,0.24801524742395423,0.25,0.001984752576045773,0.17612887220975923,0.08806443610487961,88738.4026759247
2015-05-07,GLD,0.25337672244333326,0.25,0.0033767224433332577,0.29965363082917257,0.14982681541458628,88738.4026759247
2015-05-07,SPY,0.2562732277447749,0.25,0.006273227744774901,0.556692325853262,0.278346162926631,88738.4026759247
2015-05-07,TLT,0.2423348023879374,0.25,0.0076651976120626075,0.680217084472695,0.3401085422363475,88738.4026759247
2015-06-05,BTC-USD,0.24218002205587721,0.25,0.007819977944122786,0.676760488166936,0.338380244083468,86539.67434583827
2015-06-05,GLD,0.2535446616298212,0.25,0.0035446616298211997,0.30676390037484946,0.15338195018742473,86539.67434583827
2015-06-05,SPY,0.25736194974373516,0.25,0.007361949743735163,0.6371215798856771,0.31856078994283854,86539.67434583827
2015-06-05,TLT,0.24691336657056648,0.25,0.003086633429433522,0.26712499209358576,0.13356249604679288,86539.67434583827
2015-07-06,BTC-USD,0.28429625388608937,0.25,0.03429625388608937,3.103255912619595,1.5516279563097974,90474.50583867397
2015-07-06,GLD,0.2386438101453494,0.25,0.011356189854650589,1.0275513887996086,0.5137756943998043,90474.50583867397
2015-07-06,SPY,0.23664834277870916,0.25,0.013351657221290836,1.2081088900512968,0.6040544450256484,90474.50583867397
2015-07-06,TLT,0.24041159318985209,0.25,0.009588406810147915,0.8675956337686873,0.43379781688434366,90474.50583867397
2015-08-03,BTC-USD,0.25828282669920405,0.25,0.008282826699204049,0.7551630872840778,0.3775815436420389,91166.75723125735
2015-08-03,GLD,0.2302972320738308,0.25,0.019702767926169207,1.7963436391343846,0.8981718195671923,91166.75723125735
2015-08-03,SPY,0.2516337086803129,0.25,0.001633708680312873,0.14894872675126974,0.07447436337563487,91166.75723125735
2015-08-03,TLT,0.25978623254665245,0.25,0.009786232546652451,0.8922318250990522,0.4461159125495261,91166.75723125735
2015-08-31,BTC-USD,0.21008059832154047,0.25,0.03991940167845953,3.416136871745354,1.708068435872677,85565.60513702694
2015-08-31,GLD,0.2782130499205247,0.25,0.028213049920524702,2.4143558281311397,1.2071779140655698,85565.60513702694
2015-08-31,SPY,0.2502031848341804,0.25,0.00020318483418041433,0.017387715612925098,0.008693857806462549,85565.60513702694
2015-08-31,TLT,0.26150316692375464,0.25,0.011503166923754637,0.9843933280013085,0.49219666400065426,85565.60513702694
2015-09-29,BTC-USD,0.2566608632866012,0.25,0.006660863286601204,0.5690154621889704,0.2845077310944852,85423.45524483298
2015-09-29,GLD,0.24830353190314508,0.25,0.0016964680968549195,0.1449236437809116,0.0724618218904558,85423.45524483298
2015-09-29,SPY,0.23909848938310752,0.25,0.010901510616892485,0.9312799010162953,0.46563995050814766,85423.45524483298
2015-09-29,TLT,0.2559371154271462,0.25,0.0059371154271462,0.5071880826082366,0.2535940413041183,85423.45524483298
2015-10-27,BTC-USD,0.283014289995396,0.25,0.03301428999539602,3.0831465745964293,1.5415732872982146,93378.73751026834
2015-10-27,GLD,0.23634003604009013,0.25,0.013659963959909871,1.275680049396186,0.637840024698093,93378.73751026834
2015-10-27,SPY,0.2509180386470732,0.25,0.0009180386470731827,0.08573401731388262,0.04286700865694131,93378.73751026834
2015-10-27,TLT,0.2297276353174412,0.25,0.020272364682558802,1.893200542514077,0.9466002712570385,93378.73751026834
2015-11-24,BTC-USD,0.26659699861173114,0.25,0.01659699861173114,1.5358917695284884,0.7679458847642442,92534.20732785748
2015-11-24,GLD,0.23238079021972852,0.25,0.017619209780271483,1.6304875309194364,0.8152437654597182,92534.20732785748
2015-11-24,SPY,0.25546596450697784,0.25,0.005465964506977838,0.5058221727432232,0.2529110863716116,92534.20732785748
2015-11-24,TLT,0.24555624666156234,0.25,0.0044437533384376615,0.41122641135229077,0.20561320567614538,92534.20732785748
2015-12-23,BTC-USD,0.31258931100050874,0.25,0.06258931100050874,6.292342440014342,3.146171220007171,100514.94159808703
2015-12-23,GLD,0.22841765732444097,0.25,0.02158234267555903,2.1697553240560343,1.0848776620280172,100514.94159808703
2015-12-23,SPY,0.2275068402267121,0.25,0.02249315977328789,2.261323244960028,1.130661622480014,100514.94159808703
2015-12-23,TLT,0.23148619144833837,0.25,0.018513808551661626,1.8612638709982605,0.9306319354991303,100514.94159808703
2016-01-25,BTC-USD,0.22340691230701476,0.25,0.02659308769298524,2.568257505816171,1.2841287529080856,96564.52881170846
2016-01-25,GLD,0.2695686401048032,0.25,0.019568640104803192,1.8898635392772793,0.9449317696386397,96564.52881170846
2016-01-25,SPY,0.2365499723499369,0.25,0.01345002765006309,1.2989516247419965,0.6494758123709983,96564.52881170846
2016-01-25,TLT,0.2704744752382453,0.25,0.020474475238245304,1.9773455912809044,0.9886727956404522,96564.52881170846
2016-02-23,BTC-USD,0.2518115758068488,0.25,0.0018115758068488197,0.18529041191222612,0.09264520595611306,102277.66490157759
2016-02-23,GLD,0.260185079369295,0.25,0.010185079369295025,1.0417436270459548,0.5208718135229774,102277.66490157759
2016-02-23,SPY,0.24150999662298475,0.25,0.008490003377015248,0.8683689729770311,0.43418448648851554,102277.66490157759
2016-02-23,TLT,0.24649334820087082,0.25,0.003506651799129179,0.3586650659812093,0.17933253299060464,102277.66490157759
2016-03-22,BTC-USD,0.24478956775133145,0.25,0.005210432248668545,0.5399147241925136,0.2699573620962568,103617.3471895775
2016-03-22,GLD,0.25090045247029563,0.25,0.0009004524702956318,0.09330656727613473,0.04665328363806737,103617.3471895775
2016-03-22,SPY,0.263643124751762,0.25,0.013643124751761992,1.4137260760571149,0.7068630380285574,103617.3471895775
2016-03-22,TLT,0.2406668550266111,0.25,0.009333144973388913,0.9671179191407187,0.4835589595703593,103617.3471895775
2016-04-20,BTC-USD,0.2579125305101232,0.25,0.007912530510123195,0.8383544123863746,0.4191772061931873,105949.92084313852
2016-04-20,GLD,0.24350139792084463,0.25,0.006498602079155369,0.6885447987129907,0.34427239935649534,105949.92084313852
2016-04-20,SPY,0.25100619947339586,0.25,0.0010061994733958635,0.10660960702559553,0.05330480351279777,105949.92084313852
2016-04-20,TLT,0.24757987209563637,0.25,0.0024201279043636337,0.2564192206989737,0.12820961034948686,105949.92084313852
2016-05-18,BTC-USD,0.25593965711075,0.25,0.005939657110750007,0.6311848561727763,0.31559242808638815,106263.88017367072
2016-05-18,GLD,0.2513718212994533,0.25,0.0013718212994532908,0.14577825174841477,0.07288912587420739,106263.88017367072
2016-05-18,SPY,0.2429968245086272,0.25,0.007003175491372804,0.7442009248774124,0.3721004624387062,106263.88017367072
2016-05-18,TLT,0.2496916970811693,0.25,0.0003083029188306885,0.0327621830437992,0.0163810915218996,106263.88017367072
2016-06-16,BTC-USD,0.3455285872310939,0.25,0.09552858723109392,11.983706105871041,5.991853052935521,125410.33101795192
2016-06-16,GLD,0.2156138685852979,0.25,0.03438613141470209,4.31361234302356,2.15680617151178,125410.33101795192
2016-06-16,SPY,0.21529208479950598,0.25,0.034707915200494016,4.353978922602891,2.1769894613014453,125410.33101795192
2016-06-16,TLT,0.22356545938410224,0.25,0.026434540615897756,3.3161148402445857,1.6580574201222928,125410.33101795192
2016-07-15,BTC-USD,0.2154140718208253,0.25,0.03458592817917469,4.2685779552861325,2.1342889776430662,123406.69404571161
2016-07-15,GLD,0.26277194605283616,0.25,0.012771946052836158,1.5763071930527874,0.7881535965263937,123406.69404571161
2016-07-15,SPY,0.26408362340775293,0.25,0.014083623407752932,1.738193756068815,0.8690968780344075,123406.69404571161
2016-07-15,TLT,0.257730358718586,0.25,0.007730358718586017,0.9540770061645816,0.4770385030822908,123406.69404571161
2016-08-12,BTC-USD,0.22440263261332125,0.25,0.025597367386678754,3.0845073809773087,1.5422536904886543,120491.70793932874
2016-08-12,GLD,0.25697310608633855,0.25,0.006973106086338554,0.8402659877766357,0.4201329938883179,120491.70793932874
2016-08-12,SPY,0.25911994786689935,0.25,0.009119947866899347,1.098962486439869,0.5494812432199345,120491.70793932874
2016-08-12,TLT,0.25950431343344094,0.25,0.009504313433440936,1.1452789067608138,0.5726394533804069,120491.70793932874
2016-09-12,BTC-USD,0.2589778441052927,0.25,0.008977844105292676,1.0774328557129598,0.5387164278564799,120006.96648376467
2016-09-12,GLD,0.2492997315477904,0.25,0.000700268452209607,0.08403935615067075,0.042019678075335375,120006.96648376467
2016-09-12,SPY,0.248449500547577,0.25,0.0015504994524229987,0.1860757474971807,0.09303787374859035,120006.96648376467
2016-09-12,TLT,0.2432729237993399,0.25,0.006727076200660098,0.8073177520651117,0.40365887603255585,120006.96648376467
2016-10-10,BTC-USD,0.2573689781247568,0.25,0.0073689781247567865,0.8738623722295592,0.4369311861147796,118582.61563664912
2016-10-10,GLD,0.2399291684302094,0.25,0.010070831569790606,1.194266099981402,0.597133049990701,118582.61563664912
2016-10-10,SPY,0.25394921399667386,0.25,0.0039492139966738615,0.46832402717839544,0.23416201358919772,118582.61563664912
2016-10-10,TLT,0.2487526394483599,0.25,0.0012473605516400976,0.14792029942655902,0.07396014971327951,118582.61563664912
2016-11-07,BTC-USD,0.27450878991133726,0.25,0.02450878991133726,2.988961750541984,1.494480875270992,121945.71799942937
2016-11-07,GLD,0.2470219804971956,0.25,0.0029780195028044076,0.3631834300449459,0.18159171502247295,121945.71799942937
2016-11-07,SPY,0.23959848809944487,0.25,0.010401511900555133,1.2685131061564603,0.6342565530782301,121945.71799942937
2016-11-07,TLT,0.23887074149202206,0.25,0.01112925850797794,1.3572652143406043,0.6786326071703022,121945.71799942937
2016-12-06,BTC-USD,0.27442475109789355,0.25,0.02442475109789355,2.9409091452694573,1.4704545726347287,120393.29750603205
2016-12-06,GLD,0.23076139116816216,0.25,0.01923860883183784,2.316461708414018,1.158230854207009,120393.29750603205
2016-12-06,SPY,0.2632982583000529,0.25,0.013298258300052879,1.6012023743469725,0.8006011871734863,120393.29750603205
2016-12-06,TLT,0.2315155994338912,0.25,0.01848440056610881,2.2256498112024388,1.1128249056012194,120393.29750603205
2017-01-05,BTC-USD,0.29765057282415014,0.25,0.04765057282415014,6.249612946390621,3.1248064731953105,131136.29455285764
2017-01-05,GLD,0.2317085569839892,0.25,0.018291443016010794,2.3990150024616455,1.1995075012308227,131136.29455285764
2017-01-05,SPY,0.23566701500357212,0.25,0.014332984996427878,1.8798432691390377,0.9399216345695188,131136.29455285764
2017-01-05,TLT,0.2349738551882883,0.25,0.01502614481171169,1.9707546747899667,0.9853773373949833,131136.29455285764
2017-02-03,BTC-USD,0.2462310565937565,0.25,0.003768943406243508,0.4952342121733851,0.24761710608669255,131394.76304738718
2017-02-03,GLD,0.2572495381940768,0.25,0.00724953819407681,0.9525797947024236,0.4762898973512118,131394.76304738718
2017-02-03,SPY,0.25270290494199305,0.25,0.002702904941993045,0.3551581584669173,0.17757907923345864,131394.76304738718
2017-02-03,TLT,0.24381650027017365,0.25,0.006183499729826347,0.8125037409959559,0.40625187049797795,131394.76304738718
2017-03-06,BTC-USD,0.2875541503623215,0.25,0.037554150362321514,5.264687683135256,2.632343841567628,140173.44287459078
2017-03-06,GLD,0.2354197925291137,0.25,0.014580207470886314,2.0439881597360325,1.0219940798680163,140173.44287459078
2017-03-06,SPY,0.24281754251752213,0.25,0.007182457482477866,1.006903233805616,0.503451616902808,140173.44287459078
2017-03-06,TLT,0.23420851459104222,0.25,0.01579148540895778,2.2137962895936694,1.1068981447968347,140173.44287459078
2017-04-03,BTC-USD,0.2221540771815997,0.25,0.027845922818400287,3.8166512822635617,1.9083256411317808,137051.7498242392
2017-04-03,GLD,0.2613333150401344,0.25,0.011333315040134406,1.5533804234939288,0.7766902117469644,137051.7498242392
2017-04-03,SPY,0.2541670920896298,0.25,0.004167092089629787,0.5711549755746094,0.2855774877873047,137051.7498242392
2017-04-03,TLT,0.26234551568863607,0.25,0.012345515688636066,1.69211588319502,0.84605794159751,137051.7498242392
2017-05-02,BTC-USD,0.2948943295291421,0.25,0.044894329529142074,6.585042114333463,3.2925210571667316,146658.9498103003
2017-05-02,GLD,0.23409659306382552,0.25,0.01590340693617448,2.3326911334785034,1.1663455667392517,146658.9498103003
2017-05-02,SPY,0.23695750599996013,0.25,0.013042494000039873,1.9130561290697894,0.9565280645348947,146658.9498103003
2017-05-02,TLT,0.23405157140707258,0.25,0.015948428592927416,2.339294851785126,1.169647425892563,146658.9498103003
2017-05-31,BTC-USD,0.33575205681275083,0.25,0.08575205681275083,14.391486261823829,7.195743130911914,167783.54360174155
2017-05-31,GLD,0.2201299797837835,0.25,0.029870020216216486,5.012987461289207,2.5064937306446033,167783.54360174155
2017-05-31,SPY,0.22085536002309936,0.25,0.029144639976900644,4.891249276378869,2.4456246381894347,167783.54360174155
2017-05-31,TLT,0.22326260338036613,0.25,0.02673739661963387,4.487249524155781,2.2436247620778906,167783.54360174155
2017-06-28,BTC-USD,0.26750466532146516,0.25,0.017504665321465163,3.024323536491221,1.5121617682456105,172763.35546209142
2017-06-28,GLD,0.23924926196007498,0.25,0.010750738039925017,1.85743111860166,0.92871555930083,172763.35546209142
2017-06-28,SPY,0.24598971356214458,0.25,0.00401028643785542,0.6928669265790066,0.3464334632895033,172763.35546209142
2017-06-28,TLT,0.24725635915631533,0.25,0.0027436408436846693,0.47402549131054467,0.23701274565527233,172763.35546209142
2017-07-27,BTC-USD,0.2509273323876803,0.25,0.0009273323876802797,0.16028576623855356,0.08014288311927678,172842.84686391626
2017-07-27,GLD,0.2516587848649147,0.25,0.0016587848649147197,0.28671445819213626,0.14335722909606813,172842.84686391626
2017-07-27,SPY,0.25364517587572044,0.25,0.003645175875720441,0.6300543538392867,0.3150271769196433,172842.84686391626
2017-07-27,TLT,0.24376870687168417,0.25,0.006231293128315829,1.0770545782700436,0.5385272891350218,172842.84686391626
2017-08-24,BTC-USD,0.34000595709217235,0.25,0.09000595709217235,17.908062954410077,8.954031477205039,198911.583585943
2017-08-24,GLD,0.22164244014428278,0.25,0.028357559855717224,5.642170624435267,2.8210853122176336,198911.583585943
2017-08-24,SPY,0.2142811118158359,0.25,0.035718888184164105,7.106819580936102,3.553409790468051,198911.583585943
2017-08-24,TLT,0.22407049094770873,0.25,0.025929509052291272,5.159072749038757,2.5795363745193787,198911.583585943
2017-09-22,BTC-USD,0.20658372719046356,0.25,0.043416272809536444,8.248187960934146,4.124093980467073,189954.43667809662
2017-09-22,GLD,0.26362918696432525,0.25,0.013629186964325246,2.5892617804763693,1.2946308902381847,189954.43667809662
2017-09-22,SPY,0.2688929714884154,0.25,0.0188929714884154,3.589271254597219,1.7946356272986095,189954.43667809662
2017-09-22,TLT,0.26089411435679577,0.25,0.01089411435679577,2.069654925860554,1.034827462930277,189954.43667809662
2017-10-20,BTC-USD,0.3507435887689068,0.25,0.10074358876890682,22.11480457884869,11.057402289424346,219449.40690198526
2017-10-20,GLD,0.21338852062330899,0.25,0.036611479376691014,8.036796402154382,4.018398201077191,219449.40690198526
2017-10-20,SPY,0.22296990228707672,0.25,0.02703009771292328,5.933532207589726,2.966766103794863,219449.40690198526
2017-10-20,TLT,0.21289798832070694,0.25,0.03710201167929306,8.1444759691047,4.07223798455235,219449.40690198526
2017-11-17,BTC-USD,0.29252052436015924,0.25,0.04252052436015924,10.003967393910118,5.001983696955059,235243.836302842
2017-11-17,GLD,0.23552340957444073,0.25,0.014476590425559266,3.4059631383093305,1.7029815691546653,235243.836302842
2017-11-17,SPY,0.2338336731669833,0.25,0.016166326833016692,3.803513925343971,1.9017569626719855,235243.836302842
2017-11-17,TLT,0.23812239289841697,0.25,0.011877607101583032,2.794490330256758,1.397245165128379,235243.836302842
2017-12-18,BTC-USD,0.433369870754988,0.25,0.183369870754988,57.61694769629752,28.80847384814876,314038.788501322
2017-12-18,GLD,0.18233288218527835,0.25,0.06766711781472165,21.26179601827508,10.63089800913754,314038.788501322
2017-12-18,SPY,0.1956289173396423,0.25,0.0543710826603577,17.084027015641464,8.542013507820732,314038.788501322
2017-12-18,TLT,0.18866832972009173,0.25,0.06133167027990827,19.27112466238086,9.63556233119043,314038.788501322
2018-01-18,BTC-USD,0.1532535520924473,0.25,0.09674644790755271,27.500703004098323,13.750351502049162,284172.9263732506
2018-01-18,GLD,0.29024789118786815,0.25,0.040247891187868146,11.440681555114953,5.720340777557476,284172.9263732506
2018-01-18,SPY,0.28740261257980687,0.25,0.03740261257980687,10.631895665229077,5.315947832614539,284172.9263732506
2018-01-18,TLT,0.26909594413987736,0.25,0.019095944139877363,5.428125783754197,2.7140628918770986,284172.9263732506
2018-02-15,BTC-USD,0.21888721551739374,0.25,0.031112784482606265,8.35025756738879,4.175128783694395,268361.64962234074
2018-02-15,GLD,0.2698690748811865,0.25,0.0198690748811865,5.3325954472636745,2.6662977236318373,268361.64962234074
2018-02-15,SPY,0.25820938272993066,0.25,0.008209382729930659,2.2032891431661397,1.1016445715830698,268361.64962234074
2018-02-15,TLT,0.2530343268714889,0.25,0.0030343268714889127,0.8143729769589227,0.4071864884794614,268361.64962234074
2018-03-16,BTC-USD,0.2103929024193359,0.25,0.03960709758066411,10.076548751062173,5.038274375531087,254382.4732926632
2018-03-16,GLD,0.25586418051509957,0.25,0.005864180515099571,1.491922015368209,0.7459610076841044,254382.4732926632
2018-03-16,SPY,0.2657009586134655,0.25,0.015700958613465488,3.994523319583816,1.997261659791908,254382.4732926632
2018-03-16,TLT,0.26804195845209855,0.25,0.01804195845209855,4.59010341611002,2.29505170805501,254382.4732926632
2018-04-16,BTC-USD,0.23859204905962864,0.25,0.011407950940371364,2.8659554112443324,1.4329777056221662,251212.97438851846
2018-04-16,GLD,0.2591349600042635,0.25,0.009134960004263504,2.294924670746111,1.1474623353730555,251212.97438851846
2018-04-16,SPY,0.24627351737177033,0.25,0.003726482628229666,0.9361832908561885,0.4680916454280942,251212.97438851846
2018-04-16,TLT,0.25599947356433755,0.25,0.005999473564337554,1.5072140313544171,0.7536070156772086,251212.97438851846
2018-05-14,BTC-USD,0.26283319895144697,0.25,0.012833198951446967,3.256337163500401,1.6281685817502005,253731.4567592407
2018-05-14,GLD,0.24136614906694734,0.25,0.008633850933052661,2.190781095484537,1.0953905477422685,253731.4567592407
2018-05-14,SPY,0.2526134681702251,0.25,0.0026134681702251195,0.6631498163885235,0.3315749081942618,253731.4567592407
2018-05-14,TLT,0.2431871838113806,0.25,0.006812816188619397,1.7287058844043808,0.8643529422021904,253731.4567592407
2018-06-12,BTC-USD,0.19844733137480117,0.25,0.05155266862519883,12.303577198303058,6.151788599151529,238623.42492926546
2018-06-12,GLD,0.2621668456395865,0.25,0.012166845639586477,2.9037434642775843,1.4518717321387922,238623.42492926546
2018-06-12,SPY,0.27147562151737337,0.25,0.021475621517373367,5.125379039861923,2.5626895199309616,238623.42492926546
2018-06-12,TLT,0.26791020146823913,0.25,0.01791020146823913,4.274454694163585,2.1372273470817924,238623.42492926546
2018-07-11,BTC-USD,0.24277172529033864,0.25,0.007228274709661364,1.6981781397391056,0.8490890698695528,234925.5302100681
2018-07-11,GLD,0.24312078971306217,0.25,0.006879210286937831,1.6161705243896989,0.8080852621948494,234925.5302100681
2018-07-11,SPY,0.25309451201324046,0.25,0.003094512013240458,0.7270106443272114,0.3635053221636057,234925.5302100681
2018-07-11,TLT,0.2610129729833586,0.25,0.011012972983358627,2.587338019801567,1.2936690099007835,234925.5302100681
2018-08-08,BTC-USD,0.2450112957065251,0.25,0.004988704293474894,1.1563344724200317,0.5781672362100159,231782.75384997393
2018-08-08,GLD,0.24744210317111742,0.25,0.0025578968288825776,0.5928962925302105,0.29644814626510524,231782.75384997393
2018-08-08,SPY,0.26120008560352775,0.25,0.011200085603527754,2.596073913291296,1.298036956645648,231782.75384997393
2018-08-08,TLT,0.24634651551882963,0.25,0.003653484481170366,0.8468431483410732,0.4234215741705366,231782.75384997393
2018-09-06,BTC-USD,0.2536462929706759,0.25,0.003646292970675924,0.8521849264709637,0.42609246323548183,233709.06379439714
2018-09-06,GLD,0.24483289999939445,0.25,0.005167100000605551,1.2076168233042175,0.6038084116521087,233709.06379439714
2018-09-06,SPY,0.2502293960495134,0.25,0.0002293960495133862,0.05361276703749244,0.02680638351874622,233709.06379439714
2018-09-06,TLT,0.25129141098041635,0.25,0.001291410980416352,0.30181912979578746,0.15090956489789373,233709.06379439714
2018-10-04,BTC-USD,0.253383732790293,0.25,0.003383732790293026,0.7834673457715516,0.3917336728857758,231532.349925279
2018-10-04,GLD,0.2521417542211004,0.25,0.0021417542211004115,0.49590041498378623,0.24795020749189312,231532.349925279
2018-10-04,SPY,0.2545754724879848,0.25,0.0045754724879847886,1.0594020000916704,0.5297010000458352,231532.349925279
2018-10-04,TLT,0.23989904050062158,0.25,0.01010095949937842,2.338769760847053,1.1693848804235265,231532.349925279
2018-11-01,BTC-USD,0.2457834109337244,0.25,0.004216589066275589,0.9600564954466188,0.4800282477233094,227675.64290749063
2018-11-01,GLD,0.26113250881559896,0.25,0.011132508815598963,2.5347116427621996,1.2673558213810998,227675.64290749063
2018-11-01,SPY,0.23967963010365276,0.25,0.010320369896347242,2.3497993280031757,1.1748996640015879,227675.64290749063
2018-11-01,TLT,0.2534044501470238,0.25,0.0034044501470237853,0.7751441806875757,0.38757209034378787,227675.64290749063
2018-11-30,BTC-USD,0.16707597094246315,0.25,0.08292402905753685,17.077602145044462,8.538801072522231,205891.51188575974
2018-11-30,GLD,0.27374592287953897,0.25,0.023745922879538972,4.890300533061444,2.445150266530722,205891.51188575974
2018-11-30,SPY,0.27816963035472597,0.25,0.028169630354725972,5.801330992216835,2.9006654961084175,205891.51188575974
2018-11-30,TLT,0.2810084758232715,0.25,0.031008475823271486,6.3859706197660975,3.1929853098830487,205891.51188575974
2019-01-02,BTC-USD,0.23944766545660598,0.25,0.01055233454339402,2.159037361266356,1.079518680633178,204583.3783324992
2019-01-02,GLD,0.26408378181047215,0.25,0.014083781810472151,2.8815814161017634,1.4407907080508817,204583.3783324992
2019-01-02,SPY,0.2288852765362407,0.25,0.02111472346375931,4.320131876372553,2.1600659381862766,204583.3783324992
2019-01-02,TLT,0.2675832761966811,0.25,0.017583276196681097,3.5975878215371284,1.7987939107685642,204583.3783324992
2019-01-31,BTC-USD,0.21908740347103584,0.25,0.030912596528964165,6.283340546035918,3.141670273017959,203242.64372407872
2019-01-31,GLD,0.25863473987896435,0.25,0.008634739878964348,1.7551101259040036,0.8775550629520018,203242.64372407872
2019-01-31,SPY,0.2710989917462597,0.25,0.021098991746259677,4.288612578873292,2.144306289436646,203242.64372407872
2019-01-31,TLT,0.25117886490374014,0.25,0.00117886490374014,0.23961784125862157,0.11980892062931078,203242.64372407872
2019-03-01,BTC-USD,0.2702730370430067,0.25,0.020273037043006703,4.223411303068236,2.111705651534118,208311.78535217515
2019-03-01,GLD,0.23817323066654533,0.25,0.011826769333454668,2.463829724955962,1.231914862477981,208311.78535217515
2019-03-01,SPY,0.25330680614450735,0.25,0.003306806144507346,0.6888954239140737,0.34444771195703683,208311.78535217515
2019-03-01,TLT,0.23824692614594103,0.25,0.011753073854058965,2.4484770020262614,1.2242385010131307,208311.78535217515
2019-03-29,BTC-USD,0.2562117445302958,0.25,0.006211744530295826,1.3383104827016457,0.6691552413508228,215439.56618680301
2019-03-29,GLD,0.24188224805685574,0.25,0.008117751943144264,1.7489567493472293,0.8744783746736147,215439.56618680301
2019-03-29,SPY,0.24443487038556128,0.25,0.005565129614438724,1.198998327164304,0.599499163582152,215439.56618680301
2019-03-29,TLT,0.25747113702728636,0.25,0.007471137027286356,1.6096445938097146,0.8048222969048573,215439.56618680301
2019-04-29,BTC-USD,0.295067334414445,0.25,0.04506733441444499,10.347335782309749,5.173667891154874,229566.2021330391
2019-04-29,GLD,0.23226569288630164,0.25,0.01773430711369836,4.071748040044388,2.035874020022194,229566.2021330391
2019-04-29,SPY,0.24399724516308055,0.25,0.0060027548369194494,1.378215967807078,0.689107983903539,229566.2021330391
2019-04-29,TLT,0.2286697275361731,0.25,0.021330272463826905,4.89737177445822,2.44868588722911,229566.2021330391
2019-05-28,BTC-USD,0.34887730255069965,0.25,0.09887730255069965,26.14893922224002,13.07446961112001,264380.0137965078
2019-05-28,GLD,0.21696964514964528,0.25,0.033030354850354715,8.735156797264741,4.367578398632371,264380.0137965078
2019-05-28,SPY,0.20669987632069234,0.25,0.04330012367930766,11.451084052633071,5.7255420263165355,264380.0137965078
2019-05-28,TLT,0.22745317597896272,0.25,0.022546824021037276,5.96269837234221,2.981349186171105,264380.0137965078
2019-06-25,BTC-USD,0.2943665103426746,0.25,0.04436651034267458,13.238936082081622,6.619468041040811,298359.59338829084
2019-06-25,GLD,0.2458140342084652,0.25,0.004185965791534796,1.2490893047002845,0.6245446523501422,298359.59338829084
2019-06-25,SPY,0.2308597562837911,0.25,0.0191402437162089,5.71143552191034,2.85571776095517,298359.59338829084
2019-06-25,TLT,0.22895969916506992,0.25,0.02104030083493008,6.278411255470759,3.1392056277353797,298359.59338829084
2019-07-24,BTC-USD,0.20294416556035236,0.25,0.04705583443964764,13.344633239842437,6.672316619921219,283551.43565455754
2019-07-24,GLD,0.2630532235713805,0.25,0.013053223571380501,3.7017828550283256,1.8508914275141628,283551.43565455754
2019-07-24,SPY,0.2726181782380574,0.25,0.022618178238057396,6.414322405171266,3.207161202585633,283551.43565455754
2019-07-24,TLT,0.26138443263021,0.25,0.011384432630209995,3.2285279796429167,1.6142639898214584,283551.43565455754
2019-08-21,BTC-USD,0.24528950606512362,0.25,0.004710493934876381,1.3805041699465626,0.6902520849732813,293051.9358874802
2019-08-21,GLD,0.2549484301208621,0.25,0.004948430120862102,1.4502361134488078,0.7251180567244039,293051.9358874802
2019-08-21,SPY,0.23423407508952956,0.25,0.015765924910470436,4.620518651095558,2.310259325547779,293051.9358874802
2019-08-21,TLT,0.2655279887244847,0.25,0.015527988724484687,4.550786707593304,2.275393353796652,293051.9358874802
2019-09-19,BTC-USD,0.2513410108203926,0.25,0.0013410108203926185,0.3928784009227293,0.19643920046136465,292964.2729139368
2019-09-19,GLD,0.24900197788823394,0.25,0.000998022111766056,0.2923923695420853,0.14619618477104265,292964.2729139368
2019-09-19,SPY,0.2572629717011516,0.25,0.007262971701151588,2.1278461474755583,1.0639230737377792,292964.2729139368
2019-09-19,TLT,0.24239403959022104,0.25,0.007605960409778956,2.2283321788564376,1.1141660894282188,292964.2729139368
2019-10-17,BTC-USD,0.20680604230433028,0.25,0.04319395769566972,11.926033167077389,5.963016583538694,276068.42265710136
2019-10-17,GLD,0.2638277524988741,0.25,0.01382775249887408,3.8179005519617415,1.9089502759808707,276068.42265710136
2019-10-17,SPY,0.2646990967290768,0.25,0.014699096729076822,4.058482354225746,2.029241177112873,276068.42265710136
2019-10-17,TLT,0.2646671084677188,0.25,0.014667108467718792,4.049650260889895,2.0248251304449476,276068.42265710136
2019-11-14,BTC-USD,0.25982222244338227,0.25,0.009822222443382267,2.755065202754199,1.3775326013770994,280481.03565812035
2019-11-14,GLD,0.24235561649327036,0.25,0.007644383506729635,2.144196501076867,1.0720982505384336,280481.03565812035
2019-11-14,SPY,0.2544641145659102,0.25,0.004464114565910227,1.2521531427883557,0.6260765713941778,280481.03565812035
2019-11-14,TLT,0.24335804649743684,0.25,0.006641953502563164,1.8630218444657727,0.9315109222328863,280481.03565812035
2019-12-13,BTC-USD,0.21433743897654556,0.25,0.03566256102345444,9.667416227148456,4.833708113574228,271051.2553018186
2019-12-13,GLD,0.2595270769613991,0.25,0.009527076961399095,2.5826024763995017,1.2913012381997508,271051.2553018186
2019-12-13,SPY,0.26509551515587987,0.25,0.015095515155879868,4.092096136313391,2.0460480681566957,271051.2553018186
2019-12-13,TLT,0.26103996890617587,0.25,0.011039968906175868,2.992717614435666,1.496358807217833,271051.2553018186
2020-01-14,BTC-USD,0.2795515266073772,0.25,0.0295515266073772,8.56946172329618,4.28473086164809,289958.0152021223
2020-01-14,GLD,0.24475047702947475,0.25,0.00524952297052525,1.5222762180499352,0.7611381090249676,289958.0152021223
2020-01-14,SPY,0.24226927587555513,0.25,0.0077307241244448655,2.2417841676326313,1.1208920838163157,289958.0152021223
2020-01-14,TLT,0.2334287204875932,0.25,0.016571279512406806,4.805401337613533,2.4027006688067667,289958.0152021223
2020-02-12,BTC-USD,0.274290832129611,0.25,0.024290832129610973,7.464884163191057,3.7324420815955284,307290.4270474811
2020-02-12,GLD,0.23881244943936367,0.25,0.011187550560636333,3.4380777307002406,1.7190388653501203,307290.4270474811
2020-02-12,SPY,0.24288852578355985,0.25,0.00711147421644015,2.1854472079008107,1.0927236039504054,307290.4270474811
2020-02-12,TLT,0.2440081926474646,0.25,0.005991807352535405,1.8413592245902863,0.9206796122951432,307290.4270474811
2020-03-12,BTC-USD,0.1253299904867023,0.25,0.12467000951329771,30.84410099074514,15.42205049537257,247294.53926409793
2020-03-12,GLD,0.31011789517786614,0.25,0.06011789517786614,14.873524414220482,7.436762207110241,247294.53926409793
2020-03-12,SPY,0.22457725641669346,0.25,0.02542274358330654,6.289737793448116,3.144868896724058,247294.53926409793
2020-03-12,TLT,0.33997485791873827,0.25,0.08997485791873827,22.26031436997281,11.130157184986405,247294.53926409793
2020-04-09,BTC-USD,0.3072810570454548,0.25,0.057281057045454775,16.404439282356563,8.202219641178282,286335.8523302781
2020-04-09,GLD,0.23068261114823133,0.25,0.019317388851768674,5.532211674464132,2.766105837232066,286335.8523302781
2020-04-09,SPY,0.2374731111453998,0.25,0.01252688885460021,3.5875138869914482,1.7937569434957241,286335.8523302781
2020-04-09,TLT,0.224563220660914,0.25,0.025436779339086002,7.284713720901017,3.6423568604505085,286335.8523302781
2020-05-08,BTC-USD,0.3028585241012853,0.25,0.052858524101285276,16.548455682138048,8.274227841069024,313021.0648636932
2020-05-08,GLD,0.23087958793783425,0.25,0.019120412062165748,5.986040984206631,2.9930204921033154,313021.0648636932
2020-05-08,SPY,0.23959805955504018,0.25,0.010401940444959817,3.256542882881426,1.628271441440713,313021.0648636932
2020-05-08,TLT,0.2266638284058397,0.25,0.023336171594160293,7.305871815050175,3.6529359075250873,313021.0648636932
2020-06-08,BTC-USD,0.24104187159638094,0.25,0.008958128403619064,2.8207885879014216,1.4103942939507108,314863.1064746721
2020-06-08,GLD,0.24718761179735999,0.25,0.002812388202640015,0.8855814729726992,0.4427907364863496,314863.1064746721
2020-06-08,SPY,0.274159974247942,0.25,0.024159974247941973,7.6076359449206405,3.8038179724603203,314863.1064746721
2020-06-08,TLT,0.23761054235831702,0.25,0.012389457641682977,3.901265884046546,1.950632942023273,314863.1064746721
2020-07-07,BTC-USD,0.23416017237575049,0.25,0.015839827624249514,5.021714948127246,2.510857474063623,317007.5823031308
2020-07-07,GLD,0.26268156211422156,0.25,0.012681562114221556,4.020447163016891,2.0102235815084457,317007.5823031308
2020-07-07,SPY,0.24131375307400854,0.25,0.008686246925991459,2.7538087576532164,1.3769043788266082,317007.5823031308
2020-07-07,TLT,0.26184451243601914,0.25,0.011844512436019139,3.755076542763483,1.8775382713817415,317007.5823031308
2020-08-04,BTC-USD,0.2718267165491687,0.25,0.02182671654916868,7.628015836605469,3.8140079183027344,349453.4981485549
2020-08-04,GLD,0.2541033730149427,0.25,0.0041033730149426795,1.434049609384534,0.717024804692267,349453.4981485549
2020-08-04,SPY,0.2383927016508339,0.25,0.0116072983491661,4.056526570461914,2.028263285230957,349453.4981485549
2020-08-04,TLT,0.23567720878505505,0.25,0.014322791214944952,5.005538875527981,2.5027694377639906,349453.4981485549
2020-09-01,BTC-USD,0.26173498709489906,0.25,0.011734987094899063,4.160815924328962,2.080407962164481,354538.57942618337
2020-09-01,GLD,0.23970645932917234,0.25,0.010293540670827661,3.6497294453374045,1.8248647226687023,354538.57942618337
2020-09-01,SPY,0.2631215253853338,0.25,0.013121525385333788,4.652433899864731,2.3262169499323657,354538.57942618337
2020-09-01,TLT,0.23543702819059426,0.25,0.014562971809405745,5.163520378856485,2.5817601894282425,354538.57942618337
2020-09-30,BTC-USD,0.23465660569571012,0.25,0.015343394304289881,5.159521518922551,2.5797607594612755,336254.4116956442
2020-09-30,GLD,0.2520824880362058,0.25,0.0020824880362058096,0.700278023403109,0.3501390117015545,336254.4116956442
2020-09-30,SPY,0.25073922469994575,0.25,0.0007392246999457508,0.24857900872838762,0.12428950436419381,336254.4116956442
2020-09-30,TLT,0.262521681568138,0.25,0.012521681568137988,4.210664486790942,2.105332243395471,336254.4116956442
2020-10-28,BTC-USD,0.2927910517574069,0.25,0.042791051757406884,15.01718489466054,7.50859244733027,350897.12625848816
2020-10-28,GLD,0.23804006280255813,0.25,0.011959937197441872,4.197246406579017,2.0986232032895087,350897.12625848816
2020-10-28,SPY,0.23326118212357863,0.25,0.01673881787642137,5.874357199569372,2.937178599784686,350897.12625848816
2020-10-28,TLT,0.23590770331645655,0.25,0.014092296683543448,4.945581288512081,2.4727906442560403,350897.12625848816
2020-11-25,BTC-USD,0.31374074489637077,0.25,0.06374074489637077,24.90770562583474,12.45385281291737,390691.11537982506
2020-11-25,GLD,0.2156667062470003,0.25,0.034333293752999705,13.41627832174453,6.708139160872265,390691.11537982506
2020-11-25,SPY,0.24890161404648742,0.25,0.0010983859535125817,0.42921170811734416,0.21460585405867208,390691.11537982506
2020-11-25,TLT,0.22169093481014124,0.25,0.028309065189858762,11.062215595972974,5.531107797986487,390691.11537982506
2020-12-24,BTC-USD,0.28777942820500724,0.25,0.03777942820500724,15.821472786077855,7.910736393038928,418737.93117375654
2020-12-24,GLD,0.24242924969267557,0.25,0.007570750307324431,3.1705196623819867,1.5852598311909933,418737.93117375654
2020-12-24,SPY,0.23824623889453414,0.25,0.01175376110546586,4.922303494247733,2.4611517471238664,418737.93117375654
2020-12-24,TLT,0.23154508320778328,0.25,0.018454916792216725,7.728649629448043,3.8643248147240215,418737.93117375654
2021-01-26,BTC-USD,0.3024165115050569,0.25,0.052416511505056884,23.577300911555934,11.788650455777967,449736.02239226096
2021-01-26,GLD,0.22881766677450902,0.25,0.021182333225490985,9.527956556553145,4.763978278276572,449736.02239226096
2021-01-26,SPY,0.24193658893962616,0.25,0.008063411060373837,3.6269767576131247,1.8134883788065623,449736.02239226096
2021-01-26,TLT,0.22682923278080785,0.25,0.023170767219192145,10.4223675973897,5.21118379869485,449736.02239226096
2021-02-24,BTC-USD,0.3346342957571097,0.25,0.08463429575710968,41.634079706759124,20.817039853379562,491804.2777028262
2021-02-24,GLD,0.22229177594125477,0.25,0.027708224058745234,13.630483938866254,6.815241969433127,491804.2777028262
2021-02-24,SPY,0.23307650252288645,0.25,0.016923497477113553,8.32516223566607,4.162581117833035,491804.2777028262
2021-02-24,TLT,0.20999742577874897,0.25,0.04000257422125103,19.678433532226865,9.839216766113433,491804.2777028262
2021-03-24,BTC-USD,0.2630676391785867,0.25,0.01306763917858672,6.392609695621801,3.1963048478109006,489174.74681623455
2021-03-24,GLD,0.24123352826284564,0.25,0.008766471737154363,4.2885047143908315,2.1442523571954157,489174.74681623455
2021-03-24,SPY,0.24908431197230507,0.25,0.0009156880276949275,0.4479490200188153,0.22397451000940766,489174.74681623455
2021-03-24,TLT,0.2466145205862627,0.25,0.0033854794137372912,1.656155961212087,0.8280779806060435,489174.74681623455
2021-04-22,BTC-USD,0.2371965876100344,0.25,0.012803412389965602,6.378941046094582,3.189470523047291,498202.05804746284
2021-04-22,GLD,0.2523123803800589,0.25,0.002312380380058876,1.1520786546016255,0.5760393273008128,498202.05804746284
2021-04-22,SPY,0.26099408023220755,0.25,0.010994080232207548,5.477492056121625,2.7387460280608127,498202.05804746284
2021-04-22,TLT,0.24949695177769923,0.25,0.0005030482223007671,0.25062966462864167,0.12531483231432083,498202.05804746284
2021-05-20,BTC-USD,0.1980309619854698,0.25,0.051969038014530206,24.51999535271164,12.25999767635582,471745.7441514555
2021-05-20,GLD,0.27793438044427815,0.25,0.02793438044427815,13.179979942731888,6.589989971365944,471745.7441514555
2021-05-20,SPY,0.2656960499495314,0.25,0.015696049949531388,7.405699364895556,3.702849682447778,471745.7441514555
2021-05-20,TLT,0.25833860762072136,0.25,0.008338607620721361,3.934316045084522,1.967158022542261,471745.7441514555
2021-06-18,BTC-USD,0.2212799288074951,0.25,0.028720071192504887,13.05465166750149,6.527325833750745,454499.219113432
2021-06-18,GLD,0.24292854743663572,0.25,0.007071452563364278,3.2143148037207103,1.6071574018603552,454499.219113432
2021-06-18,SPY,0.26002101391788013,0.25,0.010021013917880128,4.555032095019666,2.277516047509833,454499.219113432
2021-06-18,TLT,0.27577050983798823,0.25,0.02577050983798823,11.71393437620217,5.856967188101085,454499.219113432
2021-07-19,BTC-USD,0.21423935366153463,0.25,0.035760646338465374,15.986992008040023,7.993496004020011,447007.4936913002
2021-07-19,GLD,0.26129230978971213,0.25,0.01129230978971213,5.048288687284034,2.524144343642017,447007.4936913002
2021-07-19,SPY,0.2602030526892222,0.25,0.010203052689222225,4.5613303589749075,2.2806651794874537,447007.4936913002
2021-07-19,TLT,0.2642652838595314,0.25,0.014265283859531408,6.377372961781257,3.1886864808906283,447007.4936913002
2021-08-16,BTC-USD,0.3253758744523482,0.25,0.07537587445234822,37.7115627901018,18.8557813950509,500200.30199278716
2021-08-16,GLD,0.22003450273933822,0.25,0.029965497260661778,14.992140916341501,7.496070458170751,500200.30199278716
2021-08-16,SPY,0.23485592349216514,0.25,0.015144076507834864,7.576784962997242,3.788392481498621,500200.30199278716
2021-08-16,TLT,0.2197336993161482,0.25,0.030266300683851804,15.14263691076316,7.57131845538158,500200.30199278716
2021-09-14,BTC-USD,0.2511328017803072,0.25,0.0011328017803072243,0.5709010285145459,0.28545051425727297,503967.28424118063
2021-09-14,GLD,0.25036818805949634,0.25,0.0003681880594963438,0.18555668388535723,0.09277834194267862,503967.28424118063
2021-09-14,SPY,0.24650160638459778,0.25,0.0034983936154022177,1.76309443355587,0.881547216777935,503967.28424118063
2021-09-14,TLT,0.25199740377559887,0.25,0.0019974037755988716,1.006636721156079,0.5033183605780395,503967.28424118063
2021-10-12,BTC-USD,0.28575755360106025,0.25,0.035757553601060255,18.33036800427741,9.165184002138705,512574.2622499943
2021-10-12,GLD,0.2395566622686758,0.25,0.010443337731324193,5.3535604237324526,2.6767802118662263,512574.2622499943
2021-10-12,SPY,0.24048447196108577,0.25,0.009515528038914228,4.877938033857721,2.4389690169288607,512574.2622499943
2021-10-12,TLT,0.23420131216917786,0.25,0.01579868783082214,8.098869546687393,4.049434773343696,512574.2622499943
2021-11-09,BTC-USD,0.2710524146461038,0.25,0.0210524146461038,11.71813099563828,5.85906549781914,556581.803453555
2021-11-09,GLD,0.23933052082268552,0.25,0.010669479177314478,5.93881304148381,2.969406520741905,556581.803453555
2021-11-09,SPY,0.24805782783760716,0.25,0.0019421721623928412,1.0810459606453433,0.5405229803226717,556581.803453555
2021-11-09,TLT,0.2415592366936032,0.25,0.008440763306396787,4.698271993509298,2.349135996754649,556581.803453555
2021-12-08,BTC-USD,0.2010186636302503,0.25,0.04898133636974969,25.249507252899292,12.624753626449646,515416.663981978
2021-12-08,GLD,0.26285910519071526,0.25,0.012859105190715259,6.6287711574011325,3.3143855787005663,515416.663981978
2021-12-08,SPY,0.27086243774776797,0.25,0.02086243774776797,10.754428365305936,5.377214182652968,515416.663981978
2021-12-08,TLT,0.2652597934312664,0.25,0.015259793431266377,7.86630773019218,3.93315386509609,515416.663981978
2022-01-06,BTC-USD,0.22202254917955896,0.25,0.027977450820441035,13.740037543317376,6.870018771658688,491069.9119022481
2022-01-06,GLD,0.26238208282164543,0.25,0.012382082821645435,6.080978711240265,3.0404893556201325,491069.9119022481
2022-01-06,SPY,0.2621621578947354,0.25,0.012162157894735404,5.97297113142719,2.986485565713595,491069.9119022481
2022-01-06,TLT,0.25343321010406034,0.25,0.0034332101040603358,1.6860877006499888,0.8430438503249944,491069.9119022481
2022-02-04,BTC-USD,0.24351339865681376,0.25,0.006486601343186238,3.093560540161774,1.546780270080887,476900.9187949136
2022-02-04,GLD,0.2601716386572345,0.25,0.010171638657234527,4.851011849503974,2.425505924751987,476900.9187949136
2022-02-04,SPY,0.24645338462754357,0.25,0.0035466153724564298,1.6914357437562286,0.8457178718781143,476900.9187949136
2022-02-04,TLT,0.24986157805840775,0.25,0.0001384219415922483,0.06601556558615577,0.03300778279307789,476900.9187949136
2022-03-07,BTC-USD,0.2288067309058944,0.25,0.0211932690941056,9.948064290133644,4.974032145066822,469349.04494390223
2022-03-07,GLD,0.2801201497546548,0.25,0.030120149754654824,14.138318390488243,7.069159195244121,469349.04494390223
2022-03-07,SPY,0.236892405924352,0.25,0.013107594075647988,6.152669886581459,3.0763349432907297,469349.04494390223
2022-03-07,TLT,0.2541807134150989,0.25,0.004180713415098902,1.9624157862269265,0.9812078931134632,469349.04494390223
2022-04-04,BTC-USD,0.2876879552190745,0.25,0.037687955219074476,18.63291900917716,9.31645950458858,494330.8101886923
2022-04-04,GLD,0.22926743756592552,0.25,0.02073256243407448,10.25017553861086,5.12508776930543,494330.8101886923
2022-04-04,SPY,0.2588528180513765,0.25,0.008852818051376499,4.376831823202605,2.1884159116013024,494330.8101886923
2022-04-04,TLT,0.2241917891636241,0.25,0.02580821083637591,12.759575293768616,6.379787646884308,494330.8101886923
2022-05-03,BTC-USD,0.22446744487636797,0.25,0.025532555123632034,11.2753337161009,5.63766685805045,441572.33763990644
2022-05-03,GLD,0.26991909727151814,0.25,0.019919097271518138,8.796396129268127,4.398198064634063,441572.33763990644
2022-05-03,SPY,0.254421374470862,0.25,0.004421374470861994,1.9525062180978638,0.9762531090489319,441572.33763990644
2022-05-03,TLT,0.2511920833812517,0.25,0.0011920833812517073,0.5264313687348233,0.26321568436741166,441572.33763990644
2022-06-01,BTC-USD,0.20482704946668162,0.25,0.04517295053331838,18.52272257217397,9.261361286086984,409984.5632271122
2022-06-01,GLD,0.2661660383593712,0.25,0.016166038359371193,6.628724493010406,3.314362246505203,409984.5632271122
2022-06-01,SPY,0.2637904950395994,0.25,0.013790495039599393,5.654656398037069,2.8273281990185346,409984.5632271122
2022-06-01,TLT,0.2652164171343479,0.25,0.015216417134347904,6.239341681126538,3.119670840563269,409984.5632271122
2022-06-30,BTC-USD,0.17929763345291636,0.25,0.07070236654708364,25.47696827589378,12.73848413794689,360264.66544203367
2022-06-30,GLD,0.2779701732330704,0.25,0.027970173233070383,10.078802887816218,5.039401443908109,360264.66544203367
2022-06-30,SPY,0.26214203504843997,0.25,0.01214203504843997,4.375274221236875,2.1876371106184376,360264.66544203367
2022-06-30,TLT,0.28059015826557326,0.25,0.030590158265573264,11.022891166840674,5.511445583420337,360264.66544203367
2022-07-29,BTC-USD,0.2768979921125263,0.25,0.026897992112526303,10.342279517961098,5.171139758980549,384462.7815364127
2022-07-29,GLD,0.22800200454788377,0.25,0.021997995452116226,8.45823051954397,4.229115259771985,384462.7815364127
2022-07-29,SPY,0.25541766367055974,0.25,0.005417663670559736,2.0830919936636625,1.0415459968318312,384462.7815364127
2022-07-29,TLT,0.23968233966903038,0.25,0.010317660330969619,3.967140992080713,1.9835704960403564,384462.7815364127
2022-08-26,BTC-USD,0.2228664571525109,0.25,0.02713354284748909,9.849402206981996,4.924701103490998,362967.73019314575
2022-08-26,GLD,0.26085352880459317,0.25,0.010853528804593171,3.9398014171007945,1.9699007085503972,362967.73019314575
2022-08-26,SPY,0.2600796911403835,0.25,0.010079691140383484,3.658900451069446,1.829450225534723,362967.73019314575
2022-08-26,TLT,0.2562003229025125,0.25,0.0062003229025124895,2.2507003388117757,1.1253501694058878,362967.73019314575
2022-09-26,BTC-USD,0.25371183436240813,0.25,0.0037118343624081285,1.2401401776007799,0.6200700888003899,334096.9513401978
2022-09-26,GLD,0.2537156164306907,0.25,0.0037156164306906825,1.241403783239848,0.620701891619924,334096.9513401978
2022-09-26,SPY,0.2446028334229617,0.25,0.005397166577038287,1.8032170791820776,0.9016085395910388,334096.9513401978
2022-09-26,TLT,0.24796971578393903,0.25,0.002030284216060968,0.6783268816586985,0.33916344082934924,334096.9513401978
2022-10-24,BTC-USD,0.2544625087414589,0.25,0.004462508741458926,1.471313966149665,0.7356569830748325,329681.6845255099
2022-10-24,GLD,0.25708267729201206,0.25,0.007082677292012063,2.335198118639776,1.167599059319888,329681.6845255099
2022-10-24,SPY,0.2625980986143494,0.25,0.012598098614349407,4.15366322221772,2.07683161110886,329681.6845255099
2022-10-24,TLT,0.22585671535217963,0.25,0.024143284647820368,7.960175307007152,3.980087653503576,329681.6845255099
2022-11-21,BTC-USD,0.19968233347678327,0.25,0.05031766652321673,16.447074854615057,8.223537427307528,326815.4756688492
2022-11-21,GLD,0.265273281674898,0.25,0.015273281674897998,4.9922984180270555,2.4961492090135278,326815.4756688492
2022-11-21,SPY,0.2618851191821862,0.25,0.01188511918218621,3.8848273052416866,1.9424136526208433,326815.4756688492
2022-11-21,TLT,0.2731592656661324,0.25,0.02315926566613241,7.569949131346278,3.784974565673139,326815.4756688492
2022-12-20,BTC-USD,0.25916257284487454,0.25,0.00916257284487454,3.0791901551544223,1.5395950775772111,336046.77765328216
2022-12-20,GLD,0.2536790867407311,0.25,0.0036790867407310857,1.2364002844850999,0.6182001422425499,336046.77765328216
2022-12-20,SPY,0.2351610743994485,0.25,0.0148389256005515,4.986795127947794,2.493397563973897,336046.77765328216
2022-12-20,TLT,0.2519972660149454,0.25,0.001997266014945376,0.6712046883081032,0.3356023441540516,336046.77765328216
2023-01-20,BTC-USD,0.2987205129853467,0.25,0.04872051298534669,18.229496541765922,9.114748270882961,374110.02006442205
2023-01-20,GLD,0.23790442273398596,0.25,0.01209557726601404,4.525738142531104,2.262869071265552,374110.02006442205
2023-01-20,SPY,0.2332844126541709,0.25,0.01671558734582909,6.254382867561864,3.127191433780932,374110.02006442205
2023-01-20,TLT,0.23009065162649645,0.25,0.019909348373503555,7.449375531672954,3.724687765836477,374110.02006442205
2023-02-17,BTC-USD,0.2671198786463531,0.25,0.017119878646353115,6.44080481952008,3.22040240976004,376192.35778559436
2023-02-17,GLD,0.2372741077494464,0.25,0.012725892250553594,4.787708478150869,2.3938542390754347,376192.35778559436
2023-02-17,SPY,0.2555122073276888,0.25,0.005512207327688812,2.073791073859912,1.036895536929956,376192.35778559436
2023-02-17,TLT,0.2400938062765116,0.25,0.009906193723488388,3.7268874152291445,1.8634437076145722,376192.35778559436
2023-03-20,BTC-USD,0.26396993543248615,0.25,0.013969935432486147,5.491513169466124,2.745756584733062,393070.96807472926
2023-03-20,GLD,0.2564934636907332,0.25,0.0064934636907332255,2.5525487605468196,1.2762743802734098,393070.96807472926
2023-03-20,SPY,0.23189366188289115,0.25,0.01810633811710885,7.117512797495768,3.558756398747884,393070.96807472926
2023-03-20,TLT,0.24764293899388937,0.25,0.0023570610061106334,0.9265491325172202,0.4632745662586101,393070.96807472926
2023-04-18,BTC-USD,0.2630413012767408,0.25,0.013041301276740802,5.301599045034069,2.6507995225170347,406502.82670282753
2023-04-18,GLD,0.24461257939626269,0.25,0.005387420603737314,2.1901145692348143,1.0950572846174071,406502.82670282753
2023-04-18,SPY,0.25413667046470456,0.25,0.004136670464704562,1.6816548993015206,0.8408274496507603,406502.82670282753
2023-04-18,TLT,0.23820944886229176,0.25,0.011790551137708244,4.793139375100854,2.396569687550427,406502.82670282753
2023-05-16,BTC-USD,0.22913072109484217,0.25,0.02086927890515783,8.171210288226437,4.085605144113218,391518.0176353654
2023-05-16,GLD,0.2574680857254029,0.25,0.007468085725402918,2.924073188637459,1.4620365943187295,391518.0176353654
2023-05-16,SPY,0.25688732493822786,0.25,0.006887324938227857,2.6966806399667673,1.3483403199833837,391518.0176353654
2023-05-16,TLT,0.25651386824152683,0.25,0.006513868241526832,2.550456459622123,1.2752282298110615,391518.0176353654
2023-06-14,BTC-USD,0.23322745900255643,0.25,0.016772540997443575,6.498633638125188,3.249316819062594,387433.3734043143
2023-06-14,GLD,0.24669145189147945,0.25,0.003308548108520548,1.2819191817545257,0.6409595908772628,387433.3734043143
2023-06-14,SPY,0.2690461580130837,0.25,0.01904615801308368,7.379561818315932,3.689780909157966,387433.3734043143
2023-06-14,TLT,0.2510349310928804,0.25,0.0010349310928803868,0.4009910015637612,0.2004955007818806,387433.3734043143
2023-07-14,BTC-USD,0.28337568711551847,0.25,0.03337568711551847,13.667907435158227,6.833953717579114,409475.88166349835
2023-07-14,GLD,0.23747840721828162,0.25,0.012521592781718383,5.127803676038675,2.5639018380193375,409475.88166349835
2023-07-14,SPY,0.24386780732061666,0.25,0.006132192679383336,2.5112364466466905,1.2556182233233453,409475.88166349835
2023-07-14,TLT,0.23527809834558291,0.25,0.014721901654417086,6.028867312472997,3.0144336562364984,409475.88166349835
2023-08-11,BTC-USD,0.24945799446139147,0.25,0.000542005538608531,0.21535073327779575,0.10767536663889787,397312.96675998095
2023-08-11,GLD,0.2521105760249533,0.25,0.0021105760249532923,0.838578321135025,0.4192891605675125,397312.96675998095
2023-08-11,SPY,0.25548127630555545,0.25,0.005481276305555449,2.177831751922607,1.0889158759613036,397312.96675998095
2023-08-11,TLT,0.24295015320809968,0.25,0.007049846791900322,2.80105933977988,1.40052966988994,397312.96675998095
2023-09-11,BTC-USD,0.221009853799619,0.25,0.028990146200381012,11.069613996503918,5.534806998251959,381807.3627781161
2023-09-11,GLD,0.2612681733841282,0.25,0.011268173384128222,4.30264576610998,2.15132288305499,381807.3627781161
2023-09-11,SPY,0.26162269245154474,0.25,0.011622692451544736,4.438015529462529,2.2190077647312645,381807.3627781161
2023-09-11,TLT,0.2560992803647087,0.25,0.006099280364708692,2.3289527009316533,1.1644763504658266,381807.3627781161
2023-10-09,BTC-USD,0.27650558321009133,0.25,0.026505583210091332,10.010060537637269,5.0050302688186346,377628.53549847327
2023-10-09,GLD,0.24470083136972412,0.25,0.00529916863027588,2.001276424206896,1.000638212103448,377628.53549847327
2023-10-09,SPY,0.24433636328186564,0.25,0.005663636718134357,2.138920919503692,1.069460459751846,377628.53549847327
2023-10-09,TLT,0.234457222138319,0.25,0.015542777861681012,5.8698631939266495,2.9349315969633247,377628.53549847327
2023-11-06,BTC-USD,0.29090058333445545,0.25,0.040900583334455454,16.706719463284323,8.353359731642161,408421.30252692563
2023-11-06,GLD,0.2449904194948502,0.25,0.005009580505149797,2.0462704759951587,1.0231352379975793,408421.30252692563
2023-11-06,SPY,0.2327312437481277,0.25,0.017268756251872297,7.053793434208212,3.526896717104106,408421.30252692563
2023-11-06,TLT,0.2313777534225674,0.25,0.01862224657743261,7.606655553080644,3.803327776540322,408421.30252692563
2023-12-05,BTC-USD,0.2824677837307175,0.25,0.032467783730717514,14.595996355893536,7.297998177946768,449509.42072238436
2023-12-05,GLD,0.23163813865749977,0.25,0.01836186134250023,8.254633684435747,4.127316842217874,449509.42072238436
2023-12-05,SPY,0.23792650818233843,0.25,0.012073491817661569,5.427676986981219,2.7138384934906097,449509.42072238436
2023-12-05,TLT,0.2479675694294445,0.25,0.0020324305705554935,0.9136856844764693,0.4568428422382346,449509.42072238436
2024-01-04,BTC-USD,0.24455931283723403,0.25,0.005440687162765967,2.482834637911709,1.2414173189558546,456336.8954962845
2024-01-04,GLD,0.24894962678882712,0.25,0.001050373211172878,0.4793333844449075,0.23966669222245374,456336.8954962845
2024-01-04,SPY,0.25293249051157396,0.25,0.0029324905115739597,1.3382296757128296,0.6691148378564148,456336.8954962845
2024-01-04,TLT,0.25355856986236486,0.25,0.0035585698623648576,1.6239383466437745,0.8119691733218872,456336.8954962845
2024-02-02,BTC-USD,0.24139328453244857,0.25,0.008606715467551429,3.939278245455882,1.969639122727941,457679.613317697
2024-02-02,GLD,0.24821988851477,0.25,0.001780111485229996,0.8147538366628106,0.4073769183314053,457679.613317697
2024-02-02,SPY,0.2635421026840249,0.25,0.013542102684024893,6.198196129758394,3.099098064879197,457679.613317697
2024-02-02,TLT,0.24684472426875603,0.25,0.003155275731243967,1.4441640476399296,0.7220820238199648,457679.613317697
2024-03-04,BTC-USD,0.33757342111582633,0.25,0.08757342111582633,46.229932935428025,23.114966467714012,527760.4415401807
2024-03-04,GLD,0.22513267934600026,0.25,0.02486732065399974,13.127436971974516,6.563718485987258,527760.4415401807
2024-03-04,SPY,0.22449947860349165,0.25,0.025500521396508352,13.461703093908012,6.730851546954006,527760.4415401807
2024-03-04,TLT,0.21279442093468107,0.25,0.03720557906531893,19.640792869545866,9.820396434772933,527760.4415401807
2024-04-02,BTC-USD,0.23379893334964294,0.25,0.01620106665035706,8.569500834427306,4.284750417213653,528912.5306366447
2024-04-02,GLD,0.26821890947263144,0.25,0.01821890947263144,9.636832148001178,4.818416074000589,528912.5306366447
2024-04-02,SPY,0.25331767648502285,0.25,0.003317676485022847,1.7548740475144298,0.8774370237572149,528912.5306366447
2024-04-02,TLT,0.2446644806927028,0.25,0.0053355193072971985,2.8222053610882862,1.4111026805441431,528912.5306366447
2024-04-30,BTC-USD,0.23851331308000895,0.25,0.011486686919991052,5.839882923066538,2.919941461533269,508385.558659571
2024-04-30,GLD,0.26095074241462096,0.25,0.010950742414620962,5.567406343316198,2.783703171658099,508385.558659571
2024-04-30,SPY,0.2514454021749048,0.25,0.0014454021749047974,0.7348489200571279,0.36742446002856394,508385.558659571
2024-04-30,TLT,0.249090542330465,0.25,0.0009094576695350132,0.4623723403069431,0.23118617015347154,508385.558659571
2024-05-29,BTC-USD,0.26374900048229505,0.25,0.013749000482295048,7.306508993337171,3.6532544966685854,531398.284267353
2024-05-29,GLD,0.24374340214073567,0.25,0.006256597859264329,3.3248881317064387,1.6624440658532194,531398.284267353
2024-05-29,SPY,0.2505636557560711,0.25,0.0005636557560710909,0.29953856327105405,0.14976928163552702,531398.284267353
2024-05-29,TLT,0.24194394162089775,0.25,0.008056058379102254,4.281159424902022,2.140579712451011,531398.284267353
2024-06-27,BTC-USD,0.22708603126043903,0.25,0.022913968739560975,12.163894372506352,6.081947186253176,530811.8275311374
2024-06-27,GLD,0.24855910777644685,0.25,0.0014408922235531474,0.764898521451073,0.3824492607255365,530811.8275311374
2024-06-27,SPY,0.2606783161521899,0.25,0.010678316152189893,5.668590684913143,2.8342953424565716,530811.8275311374
2024-06-27,TLT,0.2636765448109245,0.25,0.013676544810924507,7.2602022090444285,3.6301011045222142,530811.8275311374
2024-07-26,BTC-USD,0.26527233927554866,0.25,0.015272339275548663,8.323709974022362,4.161854987011181,544993.6945664848
2024-07-26,GLD,0.24962573143603162,0.25,0.00037426856396838293,0.2039833533461584,0.1019916766730792,544993.6945664848
2024-07-26,SPY,0.2424449903069598,0.25,0.00755500969304021,4.1176213022241965,2.0588106511120983,544993.6945664848
2024-07-26,TLT,0.24265693898145974,0.25,0.0073430610185402645,4.002105318452114,2.001052659226057,544993.6945664848
2024-08-23,BTC-USD,0.22699640880314625,0.25,0.023003591196853745,12.738488550527286,6.369244275263643,553722.649154024
2024-08-23,GLD,0.2584783820913096,0.25,0.008478382091309578,4.694996197459564,2.347498098729782,553722.649154024
2024-08-23,SPY,0.25362496658974476,0.25,0.0036249665897447603,2.007364632954495,1.0036823164772475,553722.649154024
2024-08-23,TLT,0.2609002425157996,0.25,0.010900242515799574,6.036127720113319,3.0180638600566594,553722.649154024
2024-09-23,BTC-USD,0.2422073710662416,0.25,0.0077926289337584,4.36549803472915,2.182749017364575,560193.0081456327
2024-09-23,GLD,0.2583018748553463,0.25,0.00830187485534628,4.650781998431694,2.325390999215847,560193.0081456327
2024-09-23,SPY,0.250997634110111,0.25,0.000997634110111001,0.5588832451910208,0.2794416225955104,560193.0081456327
2024-09-23,TLT,0.24849311996830076,0.25,0.0015068800316992426,0.8441672088937674,0.4220836044468837,560193.0081456327
2024-10-21,BTC-USD,0.26096662964334816,0.25,0.010966629643348158,6.226316069732783,3.1131580348663914,567719.0142888038
2024-10-21,GLD,0.255235974214316,0.25,0.005235974214315986,2.972730132368082,1.486365066184041,567719.0142888038
2024-10-21,SPY,0.25263670855167275,0.25,0.0026367085516727506,1.496994186946002,0.748497093473001,567719.0142888038
2024-10-21,TLT,0.23116068759066297,0.25,0.018839312409337033,10.696040389046948,5.348020194523474,567719.0142888038
2024-11-18,BTC-USD,0.30918190633686654,0.25,0.05918190633686654,35.81858699928576,17.90929349964288,605121.2233458303
2024-11-18,GLD,0.22469855189814028,0.25,0.02530144810185972,15.313162014178522,7.656581007089261,605121.2233458303
2024-11-18,SPY,0.23613530034593866,0.25,0.013864699654061341,8.391313857840442,4.195656928920221,605121.2233458303
2024-11-18,TLT,0.2299842414190549,0.25,0.020015758580945092,12.11411112726656,6.05705556363328,605121.2233458303
2024-12-17,BTC-USD,0.2763238266954927,0.25,0.026323826695492714,16.75678507099681,8.378392535498405,636513.1466903028
2024-12-17,GLD,0.24019313525525773,0.25,0.009806864744742266,6.242691332416337,3.1213456662081684,636513.1466903028
2024-12-17,SPY,0.24413138579130617,0.25,0.005868614208693834,3.735745114008013,1.8678725570040065,636513.1466903028
2024-12-17,TLT,0.23935165225794328,0.25,0.010648347742056724,6.778348624572531,3.3891743122862654,636513.1466903028
