Date,0
2014-10-15,0.0
2014-10-15,-0.004216636747903977
2014-10-16,-0.01327932675545875
2014-10-17,-0.011508639902642026
2014-10-20,-0.007054758623117232
2014-10-21,-0.001379214470929728
2014-10-22,-0.00646209886121098
2014-10-23,-0.023355086659686056
2014-10-24,-0.021525077708965546
2014-10-27,-0.025394353525921325
2014-10-28,-0.02102603888376412
2014-10-29,-0.038565435340604165
2014-10-30,-0.0333272712364039
2014-10-31,-0.04070293455594787
2014-11-03,-0.0484054066232343
2014-11-04,-0.04662048865426332
2014-11-05,-0.04496683979767782
2014-11-06,-0.03931569616732042
2014-11-07,-0.034163141582904934
2014-11-10,-0.026294424281252577
2014-11-11,-0.022091600541744846
2014-11-12,0.0
2014-11-13,-0.00042161464909174997
2014-11-14,-0.006848919438973481
2014-11-17,-0.014481604073118645
2014-11-18,-0.01742133739259792
2014-11-19,-0.019390231951183157
2014-11-20,-0.028802873357942096
2014-11-21,-0.028909118389336175
2014-11-24,-0.013854853694149759
2014-11-25,-0.012247649135207926
2014-11-26,-0.015525166064811887
2014-11-28,-0.01629676690217957
2014-12-01,-0.008125854695062919
2014-12-02,-0.011039718874221458
2014-12-03,-0.010144261470130755
2014-12-04,-0.012500410931888485
2014-12-05,-0.01264947105005957
2014-12-08,-0.01717650674457081
2014-12-09,-0.016428784156428407
2014-12-10,-0.02259175237272761
2014-12-11,-0.019861040510238123
2014-12-12,-0.021244019255852963
2014-12-15,-0.02559054016740526
2014-12-16,-0.023348727914107012
2014-12-17,-0.01867074381115963
2014-12-18,-0.015771279903700378
2014-12-19,-0.0071436433890373985
2014-12-22,-0.004190152581101983
2014-12-23,-0.013441718647256812
2014-12-24,-0.010757973424885136
2014-12-26,-0.0073362363023607114
2014-12-29,-0.0030127288228645184
2014-12-30,-0.00438325594060839
2014-12-31,-0.008432071746502517
2015-01-02,-0.0032140294982561063
2015-01-05,-0.004427251866744131
2015-01-06,0.0
2015-01-07,0.0
2015-01-08,0.0
2015-01-09,0.0
2015-01-12,-0.0009657930244836439
2015-01-13,-0.002372835278189025
2015-01-14,-0.0016138614466626512
2015-01-15,0.0
2015-01-16,-0.00016712264727453997
2015-01-20,0.0
2015-01-21,-0.0034051878099116317
2015-01-22,0.0
2015-01-23,0.0
2015-01-26,-0.0003678248067055954
2015-01-27,-0.0062048326554713035
2015-01-28,-0.004415262945421486
2015-01-29,-0.0033150736375349658
2015-01-30,-0.000608036175445779
2015-02-02,0.0
2015-02-03,-0.00394269482956693
2015-02-04,-0.004976303246324763
2015-02-05,-0.005561930899514285
2015-02-06,-0.015804566007755847
2015-02-09,-0.018815223609262743
2015-02-10,-0.017485700598754865
2015-02-11,-0.016292881396134905
2015-02-12,-0.013219530229354558
2015-02-13,-0.0162441716711192
2015-02-17,-0.02282518961776253
2015-02-18,-0.019946227872896453
2015-02-19,-0.023494332098198987
2015-02-20,-0.019111428588810656
2015-02-23,-0.01372338369171009
2015-02-24,-0.005980870092485662
2015-02-25,-0.00429294853108449
2015-02-26,-0.011672332683709432
2015-02-27,-0.009314100348276505
2015-03-02,-0.01538438006724737
2015-03-03,-0.019202475346621593
2015-03-04,-0.021169159492351732
2015-03-05,-0.021230426959275312
2015-03-06,-0.03900922357157754
2015-03-09,-0.0326689982235333
2015-03-10,-0.03458492501554959
2015-03-11,-0.032256539170130424
2015-03-12,-0.026485711987037152
2015-03-13,-0.03098571642669003
2015-03-16,-0.019903833650908496
2015-03-17,-0.017357175282095207
2015-03-18,-0.0020973257686677433
2015-03-19,-0.006928088614254135
2015-03-20,0.0
2015-03-23,-0.0015837708872259034
2015-03-24,0.0
2015-03-25,-0.01159592092968037
2015-03-26,-0.02061430612657971
2015-03-27,-0.013418241276014653
2015-03-30,-0.009970168737908167
2015-03-31,-0.013247954443696563
2015-04-01,-0.008503408899018728
2015-04-02,-0.012108827672511415
2015-04-06,-0.011607132440365122
2015-04-07,-0.008781910439257747
2015-04-08,-0.006970492340890949
2015-04-09,-0.011310589292513735
2015-04-10,-0.007895037357405816
2015-04-13,-0.009461119040994382
2015-04-14,-0.0050140630520487586
2015-04-15,-0.0032149371668821277
2015-04-16,-0.005845532794267541
2015-04-17,-0.005947057736978905
2015-04-20,-0.005921490787605456
2015-04-21,-0.008771425659890976
2015-04-22,-0.013960166917084274
2015-04-23,-0.010611992133158957
2015-04-24,-0.006408620557845753
2015-04-27,-0.00849512636356567
2015-04-28,-0.013756622719275594
2015-04-29,-0.021811647508553713
2015-04-30,-0.025990176094552463
2015-05-01,-0.02718855630237122
2015-05-04,-0.030267431078679394
2015-05-05,-0.03667623471358464
2015-05-06,-0.046817015361351896
2015-05-07,-0.04010471362162754
2015-05-08,-0.02754927151725221
2015-05-11,-0.032201520948242905
2015-05-12,-0.03510116431491678
2015-05-13,-0.03491704125202962
2015-05-14,-0.02490569912717426
2015-05-15,-0.023849593523813283
2015-05-18,-0.02082154445493668
2015-05-19,-0.021143342565458564
2015-05-20,-0.021832584244350067
2015-05-21,-0.01898811878074244
2015-05-22,-0.02133414508058927
2015-05-26,-0.031913596928691376
2015-05-27,-0.022767732459149564
2015-05-28,-0.02387091651168586
2015-05-29,-0.029954295492971714
2015-06-01,-0.027980917510097486
2015-06-02,-0.028946168971100538
2015-06-03,-0.026376623191625568
2015-06-04,-0.03463516871841026
2015-06-05,-0.03629070380269402
2015-06-08,-0.042235657738059866
2015-06-09,-0.0423733402379599
2015-06-10,-0.030956603671898984
2015-06-11,-0.027837944872710966
2015-06-12,-0.03530837573303175
2015-06-15,-0.039451527358382914
2015-06-16,-0.034229343408467484
2015-06-17,-0.03266831168055301
2015-06-18,-0.022660580239280175
2015-06-19,-0.027009188290544967
2015-06-22,-0.02203675349693917
2015-06-23,-0.02134484011531284
2015-06-24,-0.02847892935062418
2015-06-25,-0.03143687484029583
2015-06-26,-0.03162152914989493
2015-06-29,-0.05214500900376092
2015-06-30,-0.05016285802438616
2015-07-01,-0.04257986794935555
2015-07-02,-0.04345689688736879
2015-07-06,-0.046182784871696116
2015-07-07,-0.04020339162701821
2015-07-08,-0.05644285968933963
2015-07-09,-0.05473716419976672
2015-07-10,-0.04290955792382502
2015-07-13,-0.032403622952527654
2015-07-14,-0.02821519419914586
2015-07-15,-0.028538007585220206
2015-07-16,-0.020774235442440083
2015-07-17,-0.019944229434927838
2015-07-20,-0.019436668982787578
2015-07-21,-0.023319179223735192
2015-07-22,-0.025073549570816284
2015-07-23,-0.030577754295939567
2015-07-24,-0.04068530363627634
2015-07-27,-0.04628216112003793
2015-07-28,-0.034638655651040344
2015-07-29,-0.02802075740007729
2015-07-30,-0.02779009109944425
2015-07-31,-0.029267200095083924
2015-08-03,-0.03361654421134022
2015-08-04,-0.03764657824416291
2015-08-05,-0.03830481117363384
2015-08-06,-0.04022915812289565
2015-08-07,-0.036783066384249115
2015-08-10,-0.033676298126324326
2015-08-11,-0.033651827634663845
2015-08-12,-0.03489013270275144
2015-08-13,-0.036801096326317145
2015-08-14,-0.03376021773237293
2015-08-17,-0.028756915333831432
2015-08-18,-0.03336865123798392
2015-08-19,-0.03471718042990052
2015-08-20,-0.043889253083967725
2015-08-21,-0.060922124077366205
2015-08-24,-0.08576904352809334
2015-08-25,-0.098178098809702
2015-08-26,-0.08467698380342895
2015-08-27,-0.07069104690322903
2015-08-28,-0.0696268570743072
2015-08-31,-0.07716556914734482
2015-09-01,-0.09368253379624335
2015-09-02,-0.08508284890854587
2015-09-03,-0.08316213271531084
2015-09-04,-0.08968778632264075
2015-09-08,-0.07936396478996958
2015-09-09,-0.08619853843912201
2015-09-10,-0.08497389579924734
2015-09-11,-0.08029451453118047
2015-09-14,-0.08209757976114232
2015-09-15,-0.08042997245162095
2015-09-16,-0.07622331040960922
2015-09-17,-0.07399724442862415
2015-09-18,-0.07963795482349102
2015-09-21,-0.08153372235582192
2015-09-22,-0.08540352244568307
2015-09-23,-0.08640136345511845
2015-09-24,-0.08651671601956411
2015-09-25,-0.08935460726423011
2015-09-28,-0.09952777081535703
2015-09-29,-0.0997527558237578
2015-09-30,-0.1005495028890051
2015-10-01,-0.0968988285528877
2015-10-02,-0.09049197552662984
2015-10-05,-0.0994732507699492
2015-10-06,-0.09646332095063288
2015-10-07,-0.09818861843695682
2015-10-08,-0.10381655007433178
2015-10-09,-0.10169792854373982
2015-10-12,-0.09564484814930782
2015-10-13,-0.09501693236894797
2015-10-14,-0.08865924772476343
2015-10-15,-0.09087057886274184
2015-10-16,-0.09009604259117873
2015-10-19,-0.09222464014535058
2015-10-20,-0.09726358839584534
2015-10-21,-0.09018610388948409
2015-10-22,-0.08693279195116292
2015-10-23,-0.09250224094704358
2015-10-26,-0.08754575677695545
2015-10-27,-0.08680698035470581
2015-10-28,-0.08348257864300952
2015-10-29,-0.09104070218564446
2015-10-30,-0.08966839363944053
2015-11-02,-0.0863405408676404
2015-11-03,-0.08868946152810449
2015-11-04,-0.08959104418975485
2015-11-05,-0.09123462728256546
2015-11-06,-0.09803881205227163
2015-11-09,-0.10486228572257174
2015-11-10,-0.10251721943160755
2015-11-11,-0.10525340324016084
2015-11-12,-0.1096141463769159
2015-11-13,-0.11222960161561625
2015-11-16,-0.10588163243506335
2015-11-17,-0.1054777221762707
2015-11-18,-0.09741417088473038
2015-11-19,-0.09487843883862204
2015-11-20,-0.09456607894206491
2015-11-23,-0.0937373606461367
2015-11-24,-0.09316859349149316
2015-11-25,-0.09221636665350141
2015-11-27,-0.09211946596154447
2015-11-30,-0.09231670691502886
2015-12-01,-0.08196477991314462
2015-12-02,-0.08663497817430478
2015-12-03,-0.10555290280817303
2015-12-04,-0.092887463837025
2015-12-07,-0.09147580833940475
2015-12-08,-0.09438643249148534
2015-12-09,-0.09846217612896878
2015-12-10,-0.09669955536466542
2015-12-11,-0.09872272482102691
2015-12-14,-0.10233352630666756
2015-12-15,-0.10024883308685843
2015-12-16,-0.09456543685295078
2015-12-17,-0.09670857402813093
2015-12-18,-0.10243390005807242
2015-12-21,-0.09886355683706471
2015-12-22,-0.09804250246253556
2015-12-23,-0.09851575623864507
2015-12-24,-0.07323119087396536
2015-12-28,-0.14236648123964318
2015-12-29,-0.12089797871984684
2015-12-30,-0.13391290339313203
2015-12-31,-0.12593690240029512
2016-01-04,-0.1208280358883514
2016-01-05,-0.12312698608050111
2016-01-06,-0.12894179563647032
2016-01-07,-0.0720858046074078
2016-01-08,-0.08189779575221261
2016-01-11,-0.09167704722721028
2016-01-12,-0.11785234121779559
2016-01-13,-0.12459809421587398
2016-01-14,-0.12878902667661346
2016-01-15,-0.2737879841568237
2016-01-19,-0.24292363305216214
2016-01-20,-0.1670350852905333
2016-01-21,-0.18703144315022088
2016-01-22,-0.24401095768574033
2016-01-25,-0.22597691471861334
2016-01-26,-0.22513364837284064
2016-01-27,-0.2195834901992239
2016-01-28,-0.2491482774239079
2016-01-29,-0.25075916455940206
2016-02-01,-0.2635393692910814
2016-02-02,-0.2607964993469469
2016-02-03,-0.26973181691400094
2016-02-04,-0.23194775277551416
2016-02-05,-0.23797426580135786
2016-02-08,-0.26425089320279654
2016-02-09,-0.25918145190729663
2016-02-10,-0.24819136615291654
2016-02-11,-0.25213160552962904
2016-02-12,-0.24310713333128234
2016-02-16,-0.19868941639187826
2016-02-17,-0.18150332604750063
2016-02-18,-0.169692583758785
2016-02-19,-0.17282014693061643
2016-02-22,-0.14012888501984716
2016-02-23,-0.17545099109699977
2016-02-24,-0.17215322999071173
2016-02-25,-0.1710849967792094
2016-02-26,-0.16769822605237722
2016-02-29,-0.1605170617097755
2016-03-01,-0.17034264384579104
2016-03-02,-0.17972984545445198
2016-03-03,-0.1805520249083023
2016-03-04,-0.19379268273570935
2016-03-07,-0.19062123035502787
2016-03-08,-0.18652733324627904
2016-03-09,-0.1881477605163621
2016-03-10,-0.18759887466372416
2016-03-11,-0.1872640910841593
2016-03-14,-0.19118275886553288
2016-03-15,-0.19042257621778055
2016-03-16,-0.18905381065799642
2016-03-17,-0.183874726526464
2016-03-18,-0.19401001316338898
2016-03-21,-0.1934702249996102
2016-03-22,-0.1901298271173598
2016-03-23,-0.19944532366166
2016-03-24,-0.20199482819482503
2016-03-28,-0.19355997070634268
2016-03-29,-0.19383771562732016
2016-03-30,-0.20115827589735877
2016-03-31,-0.19748283685302875
2016-04-01,-0.19870846951116397
2016-04-04,-0.1980039744928428
2016-04-05,-0.19041912631731422
2016-04-06,-0.1934664249474491
2016-04-07,-0.18848968912951866
2016-04-08,-0.19142680387106306
2016-04-11,-0.18397635748745364
2016-04-12,-0.18129625503149105
2016-04-13,-0.18707197377288143
2016-04-14,-0.19221021192829987
2016-04-15,-0.18424919318412158
2016-04-18,-0.1859474425250624
2016-04-19,-0.17311433028367462
2016-04-20,-0.17005467899563878
2016-04-21,-0.1637073165121097
2016-04-22,-0.17104442010199447
2016-04-25,-0.15884335466659008
2016-04-26,-0.15468282129418667
2016-04-27,-0.16923208190023928
2016-04-28,-0.15953061809075542
2016-04-29,-0.14837232849505727
2016-05-02,-0.15908565699759222
2016-05-03,-0.1536918270406071
2016-05-04,-0.15769634207543357
2016-05-05,-0.15604819968063796
2016-05-06,-0.14485996703366597
2016-05-09,-0.15040787416998916
2016-05-10,-0.15683068944325
2016-05-11,-0.15168612317117883
2016-05-12,-0.15337454302019593
2016-05-13,-0.14984258780172663
2016-05-16,-0.15200085770539926
2016-05-17,-0.15107883201340833
2016-05-18,-0.1587664680123236
2016-05-19,-0.1685537489647155
2016-05-20,-0.1660713069892354
2016-05-23,-0.1651361498462908
2016-05-24,-0.16955477775905675
2016-05-25,-0.16898134849671947
2016-05-26,-0.16579887023998596
2016-05-27,-0.15535321618404593
2016-05-31,-0.1180215118785125
2016-06-01,-0.11347908253422405
2016-06-02,-0.11119195989925525
2016-06-03,-0.08071833599779718
2016-06-06,-0.072473891591528
2016-06-07,-0.07778361696242381
2016-06-08,-0.06931988547047327
2016-06-09,-0.07055419406339893
2016-06-10,-0.06622406815491887
2016-06-13,0.0
2016-06-14,-0.011978246086429379
2016-06-15,-0.0033888001878474034
2016-06-16,0.0
2016-06-17,-0.0054891788620612565
2016-06-20,-0.016192380329614342
2016-06-21,-0.05648436754101639
2016-06-22,-0.08802550034490866
2016-06-23,-0.08224587945152433
2016-06-24,-0.04086345743907644
2016-06-27,-0.03516960542536602
2016-06-28,-0.04174716681254406
2016-06-29,-0.04601917499399785
2016-06-30,-0.029108929471927725
2016-07-01,-0.017935622908966622
2016-07-05,-0.013223061704669043
2016-07-06,-0.007748117377960336
2016-07-07,-0.02527205271284658
2016-07-08,-0.009736201360723428
2016-07-11,-0.024353046444163078
2016-07-12,-0.028878067919021557
2016-07-13,-0.026033078245568
2016-07-14,-0.03227235559532825
2016-07-15,-0.03503996046081389
2016-07-18,-0.030650838759065997
2016-07-19,-0.02926418226315206
2016-07-20,-0.035887167531684847
2016-07-21,-0.032839677295709226
2016-07-22,-0.03862251525182913
2016-07-25,-0.039850429379207214
2016-07-26,-0.03918855064500678
2016-07-27,-0.03153531417649447
2016-07-28,-0.032196991086725905
2016-07-29,-0.02649557234407638
2016-08-01,-0.04849371431958631
2016-08-02,-0.07333127526167013
2016-08-03,-0.06691523856317282
2016-08-04,-0.06007648004354891
2016-08-05,-0.06652499621558271
2016-08-08,-0.060626590193128875
2016-08-09,-0.05827522871973952
2016-08-10,-0.05516111204958247
2016-08-11,-0.05914980378677254
2016-08-12,-0.05844966055811111
2016-08-15,-0.06747323449920546
2016-08-16,-0.06410819419715755
2016-08-17,-0.06391767784914368
2016-08-18,-0.061455848458005
2016-08-19,-0.06462171500294583
2016-08-22,-0.05861625394265468
2016-08-23,-0.0592675165491758
2016-08-24,-0.06496802042797567
2016-08-25,-0.06719604836492846
2016-08-26,-0.06858079898137283
2016-08-29,-0.06611108244154812
2016-08-30,-0.06841124197332042
2016-08-31,-0.07002087519537188
2016-09-01,-0.07008254781810495
2016-09-02,-0.06731243378637937
2016-09-06,-0.0474309152375476
2016-09-07,-0.04679929498377983
2016-09-08,-0.04690326899442425
2016-09-09,-0.05939865845192916
2016-09-12,-0.062237543474151426
2016-09-13,-0.06948661618127569
2016-09-14,-0.06787717791671542
2016-09-15,-0.0694547737597253
2016-09-16,-0.06914354248776429
2016-09-19,-0.06851375960379347
2016-09-20,-0.06782239360385889
2016-09-21,-0.06432478365708741
2016-09-22,-0.060762194449757126
2016-09-23,-0.05963016591371793
2016-09-26,-0.058233776028084494
2016-09-27,-0.057503457944313434
2016-09-28,-0.058156969062023264
2016-09-29,-0.05960289308267285
2016-09-30,-0.059244156478418
2016-10-03,-0.060267736845246445
2016-10-04,-0.07319724405667546
2016-10-05,-0.07272342997194862
2016-10-06,-0.07574814296365515
2016-10-07,-0.07467697184779543
2016-10-10,-0.07336775356513343
2016-10-11,-0.06989504778022135
2016-10-12,-0.07083537477776894
2016-10-13,-0.06993763811216078
2016-10-14,-0.07305243271640498
2016-10-17,-0.07221737712747911
2016-10-18,-0.0690890972750162
2016-10-19,-0.06976041028504908
2016-10-20,-0.07053438878181625
2016-10-21,-0.06917017027676435
2016-10-24,-0.06202770938004793
2016-10-25,-0.059018391367314946
2016-10-26,-0.054741627884810434
2016-10-27,-0.05373645462731505
2016-10-28,-0.053322126536825255
2016-10-31,-0.047036212700646056
2016-11-01,-0.036607454817615646
2016-11-02,-0.031145340370770342
2016-11-03,-0.05284644968688155
2016-11-04,-0.04553679553988894
2016-11-07,-0.04770261653107402
2016-11-08,-0.047303279198539834
2016-11-09,-0.05521474995199953
2016-11-10,-0.06796603222853874
2016-11-11,-0.07621332168807218
2016-11-14,-0.08575537268685632
2016-11-15,-0.07872651005222056
2016-11-16,-0.06260413832169973
2016-11-17,-0.07004803367436087
2016-11-18,-0.06881160984993687
2016-11-21,-0.07257676814417993
2016-11-22,-0.06736884760178573
2016-11-23,-0.07757660867167696
2016-11-25,-0.08013635573035802
2016-11-28,-0.07755042828203598
2016-11-29,-0.07778890540566093
2016-11-30,-0.08209287426836
2016-12-01,-0.08077889624301487
2016-12-02,-0.06771106328247474
2016-12-05,-0.07836475762124996
2016-12-06,-0.07737077547787226
2016-12-07,-0.07070329215816523
2016-12-08,-0.0695839857774556
2016-12-09,-0.07015210074782437
2016-12-12,-0.06643490210444973
2016-12-13,-0.06518153352932296
2016-12-14,-0.07193189289063733
2016-12-15,-0.07615296709612789
2016-12-16,-0.0720842288941697
2016-12-19,-0.06678933037196666
2016-12-20,-0.06452604067914051
2016-12-21,-0.05207338447242565
2016-12-22,-0.041387039754903446
2016-12-23,-0.0176458687319196
2016-12-27,-0.010663128945059922
2016-12-28,0.0
2016-12-29,0.0
2016-12-30,-0.007912601065340814
2017-01-03,0.0
2017-01-04,0.0
2017-01-05,-0.05146926194974387
2017-01-06,-0.08942244699382826
2017-01-09,-0.08770432233151482
2017-01-10,-0.08486073771173366
2017-01-11,-0.12641438033538316
2017-01-12,-0.11792764535342617
2017-01-13,-0.11057999735670956
2017-01-17,-0.08271357524440365
2017-01-18,-0.09133856216754596
2017-01-19,-0.08903565485598414
2017-01-20,-0.08832601720122726
2017-01-23,-0.07929534740392033
2017-01-24,-0.08747975428747164
2017-01-25,-0.08474364990773103
2017-01-26,-0.08324066363124626
2017-01-27,-0.08244264342949569
2017-01-30,-0.08289503632712604
2017-01-31,-0.06373146123872432
2017-02-01,-0.058998706318893285
2017-02-02,-0.05017232511051481
2017-02-03,-0.041757536119319
2017-02-06,-0.03549427982084191
2017-02-07,-0.0290254122199704
2017-02-08,-0.02607355017844618
2017-02-09,-0.04868534167632236
2017-02-10,-0.048340157903878626
2017-02-13,-0.04818949613884631
2017-02-14,-0.04226738544157657
2017-02-15,-0.038241002368214115
2017-02-16,-0.03067870234033143
2017-02-17,-0.025513671559175846
2017-02-21,-0.002691512963282051
2017-02-22,-0.001884727480149554
2017-02-23,0.0
2017-02-24,0.0
2017-02-27,0.0
2017-02-28,-0.0005776945881974672
2017-03-01,0.0
2017-03-02,0.0
2017-03-03,0.0
2017-03-06,-0.004579485787128904
2017-03-07,-0.025725082603348298
2017-03-08,-0.05627996253279376
2017-03-09,-0.04088946580907107
2017-03-10,-0.0680054294951902
2017-03-13,-0.025112305454114036
2017-03-14,-0.02390303705084107
2017-03-15,-0.015922975294419436
2017-03-16,-0.041446333184712005
2017-03-17,-0.07749965307281853
2017-03-20,-0.09615873345612867
2017-03-21,-0.0778281580019578
2017-03-22,-0.10503286375536812
2017-03-23,-0.10962546315211519
2017-03-24,-0.15076257467321272
2017-03-27,-0.11219977476281359
2017-03-28,-0.10811545130348055
2017-03-29,-0.11038551889024188
2017-03-30,-0.11397941762359277
2017-03-31,-0.09830587055670707
2017-04-03,-0.07285468776712875
2017-04-04,-0.07685910834792091
2017-04-05,-0.08168547847264403
2017-04-06,-0.05750666940354661
2017-04-07,-0.06032502011428353
2017-04-10,-0.055926498018695245
2017-04-11,-0.04929561272928826
2017-04-12,-0.05321037442040599
2017-04-13,-0.06896216747645435
2017-04-17,-0.055061445780964884
2017-04-18,-0.049312066050945756
2017-04-19,-0.05071820063234715
2017-04-20,-0.03945003375774665
2017-04-21,-0.04378055659710798
2017-04-24,-0.02749257708629875
2017-04-25,-0.018618727935947942
2017-04-26,-0.012650622610782186
2017-04-27,0.0
2017-04-28,-0.001527133253275988
2017-05-01,0.0
2017-05-02,0.0
2017-05-03,0.0
2017-05-04,0.0
2017-05-05,0.0
2017-05-08,0.0
2017-05-09,0.0
2017-05-10,0.0
2017-05-11,0.0
2017-05-12,-0.03956798820645739
2017-05-15,-0.0328830995411443
2017-05-16,-0.0344887650750345
2017-05-17,-0.011858397578841339
2017-05-18,0.0
2017-05-19,0.0
2017-05-22,0.0
2017-05-23,0.0
2017-05-24,0.0
2017-05-25,-0.034456646667734556
2017-05-26,-0.06114040063949484
2017-05-30,-0.06834072697538664
2017-05-31,-0.041985772806343205
2017-06-01,-0.022661577123015256
2017-06-02,-0.008176368644500323
2017-06-05,0.0
2017-06-06,0.0
2017-06-07,-0.01889536776680345
2017-06-08,-0.011161099000711673
2017-06-09,-0.012050756323396264
2017-06-12,-0.034999711023572064
2017-06-13,-0.025678083382838595
2017-06-14,-0.056761671663565334
2017-06-15,-0.0641838404527835
2017-06-16,-0.05702529487540732
2017-06-19,-0.04754572706496528
2017-06-20,-0.03329667054855122
2017-06-21,-0.036841460866015044
2017-06-22,-0.033829820435807435
2017-06-23,-0.027011194794861585
2017-06-26,-0.06641417206177451
2017-06-27,-0.05823803211296975
2017-06-28,-0.05326940789765305
2017-06-29,-0.06401455131210458
2017-06-30,-0.07401645703961565
2017-07-03,-0.05817706570258965
2017-07-05,-0.050173758774110726
2017-07-06,-0.053304156883385766
2017-07-07,-0.06708363147981088
2017-07-10,-0.09420361097459205
2017-07-11,-0.10097069041079391
2017-07-12,-0.08640619414807162
2017-07-13,-0.0931716510522883
2017-07-14,-0.11439174865201815
2017-07-17,-0.11535241283891363
2017-07-18,-0.09888740040974066
2017-07-19,-0.10469408556430847
2017-07-20,-0.015376822726458484
2017-07-21,-0.04336389666966659
2017-07-24,-0.0281633942320565
2017-07-25,-0.05993944762645501
2017-07-26,-0.06837829651370624
2017-07-27,-0.04416180469052726
2017-07-28,-0.020785178469052597
2017-07-31,-0.009343186343920649
2017-08-01,-0.0371328523148441
2017-08-02,-0.03825615002237174
2017-08-03,-0.022696990295781455
2017-08-04,-0.005839942659511056
2017-08-07,0.0
2017-08-08,0.0
2017-08-09,-0.012794864319917764
2017-08-10,-0.012793204403138072
2017-08-11,0.0
2017-08-14,0.0
2017-08-15,-0.02063429266338002
2017-08-16,0.0
2017-08-17,-0.01240538588919475
2017-08-18,-0.03746542226676208
2017-08-21,-0.05985559285727582
2017-08-22,-0.042245562535494496
2017-08-23,-0.03653413001431689
2017-08-24,-0.012689896172087557
2017-08-25,-0.007351115646921293
2017-08-28,-0.006073025769018056
2017-08-29,0.0
2017-08-30,0.0
2017-08-31,0.0
2017-09-01,0.0
2017-09-05,-0.06196101360637347
2017-09-06,-0.03738134881172298
2017-09-07,-0.03714446473910649
2017-09-08,-0.07896187492199104
2017-09-11,-0.08118286284997554
2017-09-12,-0.08282567110749371
2017-09-13,-0.10978654618875226
2017-09-14,-0.19535243507041566
2017-09-15,-0.1482871407105492
2017-09-18,-0.10585324434997961
2017-09-19,-0.1199056338956309
2017-09-20,-0.1216730520855563
2017-09-21,-0.15197485135271543
2017-09-22,-0.15207990712865596
2017-09-25,-0.11978818618866341
2017-09-26,-0.12347645074449119
2017-09-27,-0.08728484845650195
2017-09-28,-0.08979637600340024
2017-09-29,-0.08965897775764618
2017-10-02,-0.060033648368387905
2017-10-03,-0.0698752468850322
2017-10-04,-0.07968376328138176
2017-10-05,-0.0657975526266191
2017-10-06,-0.06140316845912393
2017-10-09,-0.0176556427097589
2017-10-10,-0.01536893126084156
2017-10-11,-0.009578771328221596
2017-10-12,0.0
2017-10-13,0.0
2017-10-16,0.0
2017-10-17,-0.012475643884197547
2017-10-18,-0.013645475527937066
2017-10-19,-0.0012822727140307587
2017-10-20,0.0
2017-10-23,-0.008742387635229273
2017-10-24,-0.0426381728963577
2017-10-25,-0.026887030575467926
2017-10-26,-0.013646761066853884
2017-10-27,-0.01997686769711603
2017-10-30,0.0
2017-10-31,0.0
2017-11-01,0.0
2017-11-02,0.0
2017-11-03,0.0
2017-11-06,-0.01337608996792233
2017-11-07,-0.004636628109116877
2017-11-08,0.0
2017-11-09,-0.025419719159502783
2017-11-10,-0.0657028436103481
2017-11-13,-0.06960536137302
2017-11-14,-0.06509093860212546
2017-11-15,-0.01988869968658635
2017-11-16,0.0
2017-11-17,-0.014475472725522276
2017-11-20,-0.0020484037660304824
2017-11-21,-0.003420051850377712
2017-11-22,0.0
2017-11-24,-0.0007246821869264692
2017-11-27,0.0
2017-11-28,0.0
2017-11-29,-0.009000834554890164
2017-11-30,0.0
2017-12-01,0.0
2017-12-04,0.0
2017-12-05,0.0
2017-12-06,0.0
2017-12-07,0.0
2017-12-08,-0.031573145407543406
2017-12-11,-0.0235575982503645
2017-12-12,-0.011954163729061877
2017-12-13,-0.033346208445421986
2017-12-14,-0.03007454015228718
2017-12-15,-0.001347273081542233
2017-12-18,0.0
2017-12-19,-0.022174524860732566
2017-12-20,-0.03992127855750589
2017-12-21,-0.048602245720076015
2017-12-22,-0.07437980367211336
2017-12-26,-0.04519615337535946
2017-12-27,-0.04428153571168625
2017-12-28,-0.0590262641375569
2017-12-29,-0.0572812460107412
2018-01-02,-0.05101698874030007
2018-01-03,-0.04619167699929185
2018-01-04,-0.038851889963755736
2018-01-05,-0.016206325370013305
2018-01-08,-0.046450088999149396
2018-01-09,-0.05772570255185101
2018-01-10,-0.053136858796172984
2018-01-11,-0.0700554801968951
2018-01-12,-0.05784897179010648
2018-01-16,-0.09119410426192821
2018-01-17,-0.0949401384325739
2018-01-18,-0.0951024625671224
2018-01-19,-0.09166572143334493
2018-01-22,-0.10292341129759525
2018-01-23,-0.10158401261220669
2018-01-24,-0.09068338476410562
2018-01-25,-0.09227222119265338
2018-01-26,-0.09202902667070495
2018-01-29,-0.0940061498698917
2018-01-30,-0.1234129687025234
2018-01-31,-0.11823583280590154
2018-02-01,-0.14265940470140195
2018-02-02,-0.1594985009192967
2018-02-05,-0.20726496542193606
2018-02-06,-0.1927119420186386
2018-02-07,-0.1995514035766089
2018-02-08,-0.1962058892595889
2018-02-09,-0.18634171160680738
2018-02-12,-0.17775573344919038
2018-02-13,-0.18118284976602278
2018-02-14,-0.1611046459907755
2018-02-15,-0.14601960945443293
2018-02-16,-0.14498535813680613
2018-02-20,-0.11960016611322932
2018-02-21,-0.14281155086182099
2018-02-22,-0.16071419201308454
2018-02-23,-0.1485216926524764
2018-02-26,-0.14271700447835253
2018-02-27,-0.1395217417149285
2018-02-28,-0.15193945022210578
2018-03-01,-0.1417907782452218
2018-03-02,-0.13515483352644037
2018-03-05,-0.11922617914505611
2018-03-06,-0.13823089291929597
2018-03-07,-0.16345974040936911
2018-03-08,-0.1788848268099346
2018-03-09,-0.17527094129910165
2018-03-12,-0.1792911055314548
2018-03-13,-0.180922629071078
2018-03-14,-0.20929944652651453
2018-03-15,-0.2105470026307346
2018-03-16,-0.2104760339879628
2018-03-19,-0.2065638980251103
2018-03-20,-0.2013309344987598
2018-03-21,-0.19771029923613204
2018-03-22,-0.20629923469974595
2018-03-23,-0.2044275102844654
2018-03-26,-0.21558897663048435
2018-03-27,-0.2270942441669552
2018-03-28,-0.2270930293161471
2018-03-29,-0.24320241391789402
2018-04-02,-0.24654742408617009
2018-04-03,-0.23878661887703087
2018-04-04,-0.2516382413522421
2018-04-05,-0.25366153829024934
2018-04-06,-0.2590109519362553
2018-04-09,-0.25398828547400804
2018-04-10,-0.2494368252656246
2018-04-11,-0.2450916892758138
2018-04-12,-0.2272719671861755
2018-04-13,-0.22590682734641573
2018-04-16,-0.2208765948790542
2018-04-17,-0.22296451787029736
2018-04-18,-0.21428292421704861
2018-04-19,-0.21207153522779598
2018-04-20,-0.19908366036509384
2018-04-23,-0.19846577873386437
2018-04-24,-0.17710385378589982
2018-04-25,-0.20670365069097238
2018-04-26,-0.1914464416118648
2018-04-27,-0.1996587311056629
2018-04-30,-0.19555727921969135
2018-05-01,-0.2007913894248695
2018-05-02,-0.19895163702544336
2018-05-03,-0.18250440664284973
2018-05-04,-0.18006763688186023
2018-05-07,-0.18972774863435568
2018-05-08,-0.19410780788085366
2018-05-09,-0.18928891486714164
2018-05-10,-0.19419630285745973
2018-05-11,-0.2135425589261566
2018-05-14,-0.2059148673133994
2018-05-15,-0.21839598370993382
2018-05-16,-0.2220304332724956
2018-05-17,-0.23057666072209093
2018-05-18,-0.22642385462585987
2018-05-21,-0.21925955938965797
2018-05-22,-0.23184913436553228
2018-05-23,-0.2459660521472763
2018-05-24,-0.2433962478247376
2018-05-25,-0.24810005413098674
2018-05-29,-0.251423269760318
2018-05-30,-0.2495893774094217
2018-05-31,-0.2491541674971656
2018-06-01,-0.24646361746471002
2018-06-04,-0.24627853545105247
2018-06-05,-0.2414894158076106
2018-06-06,-0.23851012728591978
2018-06-07,-0.2379348280988289
2018-06-08,-0.2384393673013988
2018-06-11,-0.2604010349451119
2018-06-12,-0.2714703308529065
2018-06-13,-0.2834782108813839
2018-06-14,-0.26756182541353196
2018-06-15,-0.27974736555588287
2018-06-18,-0.267791593507781
2018-06-19,-0.26764729534634835
2018-06-20,-0.26709932440382333
2018-06-21,-0.2715702037989531
2018-06-22,-0.3026636743697551
2018-06-25,-0.299951344231806
2018-06-26,-0.30696192993833765
2018-06-27,-0.3072211499555288
2018-06-28,-0.31764803075676445
2018-06-29,-0.30259947146233857
2018-07-02,-0.28476925090217875
2018-07-03,-0.28916481119097504
2018-07-05,-0.281160591771164
2018-07-06,-0.27686022347198924
2018-07-09,-0.27048917895323743
2018-07-10,-0.2891419665034617
2018-07-11,-0.28997428611585113
2018-07-12,-0.2930699079362453
2018-07-13,-0.2935893744366487
2018-07-16,-0.2760153998259531
2018-07-17,-0.25713333664126703
2018-07-18,-0.25474733025759994
2018-07-19,-0.2531561561289324
2018-07-20,-0.2560990803772665
2018-07-23,-0.24397791227435353
2018-07-24,-0.21766336761176455
2018-07-25,-0.22334645019235602
2018-07-26,-0.23427745743411
2018-07-27,-0.2281098991199175
2018-07-30,-0.2291681311140681
2018-07-31,-0.24228648104002393
2018-08-01,-0.25013534648842645
2018-08-02,-0.2521958002216105
2018-08-03,-0.25524385086316115
2018-08-06,-0.27373758271061666
2018-08-07,-0.27974416659802964
2018-08-08,-0.2967240042698627
2018-08-09,-0.28503541424002005
2018-08-10,-0.30653797876147254
2018-08-13,-0.3027277610633593
2018-08-14,-0.30487594864315126
2018-08-15,-0.30276107773667493
2018-08-16,-0.2983135798258224
2018-08-17,-0.285455918570764
2018-08-20,-0.2977728598586446
2018-08-21,-0.2884090040321095
2018-08-22,-0.29400194355207115
2018-08-23,-0.2871406322645973
2018-08-24,-0.27607996724009715
2018-08-27,-0.2651891007264668
2018-08-28,-0.2551304990212946
2018-08-29,-0.25526449618399677
2018-08-30,-0.2602092300893126
2018-08-31,-0.2574008372102054
2018-09-04,-0.2431275656001557
2018-09-05,-0.2721922279406508
2018-09-06,-0.2863047740786278
2018-09-07,-0.2894610907424644
2018-09-10,-0.29356679595703616
2018-09-11,-0.2922848367704265
2018-09-12,-0.2910822918426838
2018-09-13,-0.2824222002819181
2018-09-14,-0.28250229397150634
2018-09-17,-0.2934639478375036
2018-09-18,-0.28766923953257323
2018-09-19,-0.2861858676061733
2018-09-20,-0.27799589124419544
2018-09-21,-0.2709197151224069
2018-09-24,-0.2775566737091752
2018-09-25,-0.28335785415681003
2018-09-26,-0.2831039578763762
2018-09-27,-0.275385343925983
2018-09-28,-0.27649508018324853
2018-10-01,-0.2767449924991431
2018-10-02,-0.27822246196322825
2018-10-03,-0.2798599498004528
2018-10-04,-0.281114731024606
2018-10-05,-0.28210584748795464
2018-10-08,-0.28101132115023114
2018-10-09,-0.2820571218453354
2018-10-10,-0.2993911711728018
2018-10-11,-0.32204282844101234
2018-10-12,-0.3151950636853637
2018-10-15,-0.3061902926072122
2018-10-16,-0.2964462490385261
2018-10-17,-0.2982721610252517
2018-10-18,-0.3074822201163988
2018-10-19,-0.30814457273520984
2018-10-22,-0.30938915050590543
2018-10-23,-0.31211662678222135
2018-10-24,-0.3252160290262664
2018-10-25,-0.31818480704713187
2018-10-26,-0.3261138686717778
2018-10-29,-0.3338193672832405
2018-10-30,-0.32738432872005135
2018-10-31,-0.3233257355771274
2018-11-01,-0.3171230097118616
2018-11-02,-0.3211798054392258
2018-11-05,-0.31744502841030675
2018-11-06,-0.3131395256492707
2018-11-07,-0.29858952461217
2018-11-08,-0.2998637197461064
2018-11-09,-0.3067365046328523
2018-11-12,-0.3198129139633728
2018-11-13,-0.32108685152527383
2018-11-14,-0.3257443071130395
2018-11-15,-0.3187437014193941
2018-11-16,-0.3169743862645068
2018-11-19,-0.32862628462308563
2018-11-20,-0.34116725635213124
2018-11-21,-0.3389259340436956
2018-11-23,-0.3433558697833435
2018-11-26,-0.3328396201359799
2018-11-27,-0.3305987667609758
2018-11-28,-0.31536025323443545
2018-11-29,-0.3168578995413786
2018-11-30,-0.31270670213419816
2018-12-03,-0.3036656154756483
2018-12-04,-0.3266021510912339
2018-12-06,-0.32762473576944434
2018-12-07,-0.3434321576075095
2018-12-10,-0.342187802942634
2018-12-11,-0.3420384068903431
2018-12-12,-0.33873377740929084
2018-12-13,-0.33895791090079314
2018-12-14,-0.3512779855939918
2018-12-17,-0.3641313088825252
2018-12-18,-0.36482893631866287
2018-12-19,-0.37441303977351365
2018-12-20,-0.38468015056706956
2018-12-21,-0.39741858560862253
2018-12-24,-0.41355477097845106
2018-12-26,-0.3846489178904907
2018-12-27,-0.3799428194369533
2018-12-28,-0.38074305151873794
2018-12-31,-0.37534274314219845
2019-01-02,-0.3761001845493313
2019-01-03,-0.3809719588432742
2019-01-04,-0.37824435777593307
2019-01-07,-0.37044696742247185
2019-01-08,-0.3695778961518297
2019-01-09,-0.3678999302612077
2019-01-10,-0.38399986602687
2019-01-11,-0.38273747423013166
2019-01-14,-0.38319492310753644
2019-01-15,-0.38519548489977795
2019-01-16,-0.38319657156335113
2019-01-17,-0.381212363247918
2019-01-18,-0.3820777767290338
2019-01-22,-0.38486188453180215
2019-01-23,-0.38556901086377476
2019-01-24,-0.3841035283983027
2019-01-25,-0.38124770290880067
2019-01-28,-0.38728841295705985
2019-01-29,-0.3867254676799048
2019-01-30,-0.3818675560047043
2019-01-31,-0.3801889041783636
2019-02-01,-0.3800184597760941
2019-02-04,-0.38158837333783224
2019-02-05,-0.3795172517901746
2019-02-06,-0.38306909044547816
2019-02-07,-0.38382323013525177
2019-02-08,-0.3708618166011991
2019-02-11,-0.372969442318171
2019-02-12,-0.37082969443166053
2019-02-13,-0.3724778420306823
2019-02-14,-0.37177785819301773
2019-02-15,-0.36873749588849514
2019-02-19,-0.35176769616262704
2019-02-20,-0.34983437255857136
2019-02-21,-0.3556297474534617
2019-02-22,-0.35090019936199224
2019-02-25,-0.35685589230854065
2019-02-26,-0.35721353792353094
2019-02-27,-0.3603056884073141
2019-02-28,-0.36183270786396393
2019-03-01,-0.3656541204328987
2019-03-04,-0.3632551780127916
2019-03-05,-0.3626918354226368
2019-03-06,-0.3625172688313582
2019-03-07,-0.3616747653780808
2019-03-08,-0.36034835126761394
2019-03-11,-0.3584561129503719
2019-03-12,-0.35468657732260445
2019-03-13,-0.35401875191694276
2019-03-14,-0.3572233738824611
2019-03-15,-0.3533577669769248
2019-03-18,-0.3527872739162454
2019-03-19,-0.35366837671624735
2019-03-20,-0.3499691108817546
2019-03-21,-0.34650906784443775
2019-03-22,-0.34435850315160765
2019-03-25,-0.3438333719738714
2019-03-26,-0.34249109342889106
2019-03-27,-0.33970064206702405
2019-03-28,-0.3373338052110471
2019-03-29,-0.3366603380251017
2019-04-01,-0.3374950261179157
2019-04-02,-0.33672645996770323
2019-04-03,-0.33904997138255594
2019-04-04,-0.33724018522420485
2019-04-05,-0.3351920246311742
2019-04-08,-0.336092304927729
2019-04-09,-0.33681095330932725
2019-04-10,-0.3348747198851061
2019-04-11,-0.3368930833293101
2019-04-12,-0.3369327854448717
2019-04-15,-0.3363422816085324
2019-04-16,-0.33814936724269684
2019-04-17,-0.3388524558596815
2019-04-18,-0.33650612775455757
2019-04-22,-0.33776714491582105
2019-04-23,-0.3340343754097854
2019-04-24,-0.3321806893072749
2019-04-25,-0.33286543776919963
2019-04-26,-0.3301706541024296
2019-04-29,-0.33174641419647943
2019-04-30,-0.32986917111974207
2019-05-01,-0.3310088062834419
2019-05-02,-0.3333356325540799
2019-05-03,-0.3291599126939178
2019-05-06,-0.3296141747380237
2019-05-07,-0.332644840361953
2019-05-08,-0.3345725444881325
2019-05-09,-0.33417793650848043
2019-05-10,-0.3330082970095932
2019-05-13,-0.33868644331973213
2019-05-14,-0.33682162030309815
2019-05-15,-0.3328517828053833
2019-05-16,-0.33101087182716904
2019-05-17,-0.3323698327170213
2019-05-20,-0.3352324272489836
2019-05-21,-0.3328817330348562
2019-05-22,-0.3319294263433319
2019-05-23,-0.33207604832225834
2019-05-24,-0.33105078250438713
2019-05-28,-0.33164890512559553
2019-05-29,-0.3330337884711022
2019-05-30,-0.3305570522710457
2019-05-31,-0.33003078033715016
2019-06-03,-0.3298694954740945
2019-06-04,-0.32861111201930737
2019-06-05,-0.32732011945859074
2019-06-06,-0.3241899211665307
2019-06-07,-0.31743715405945766
2019-06-10,-0.31917899724391363
2019-06-11,-0.3192976787661358
2019-06-12,-0.3189293953965007
2019-06-13,-0.31617986095401224
2019-06-14,-0.31425621740784543
2019-06-17,-0.31158863530921316
2019-06-18,-0.3072944012548784
2019-06-19,-0.3054532017293508
2019-06-20,-0.3005901418207245
2019-06-21,-0.30279516933244954
2019-06-24,-0.2980841734982301
2019-06-25,-0.2988900559662224
2019-06-26,-0.2844749646577457
2019-06-27,-0.31204348826037465
2019-06-28,-0.2938156048327345
2019-07-01,-0.32471107574544655
2019-07-02,-0.3161994812809108
2019-07-03,-0.29745664241551734
2019-07-05,-0.3166089945432099
2019-07-08,-0.30093104973018314
2019-07-09,-0.29615757100748114
2019-07-10,-0.2995677124466638
2019-07-11,-0.31461134884382175
2019-07-12,-0.30621776850873755
2019-07-15,-0.31865130824664806
2019-07-16,-0.3425140917612413
2019-07-17,-0.3361089832565935
2019-07-18,-0.32013047550881607
2019-07-19,-0.32607171070275764
2019-07-22,-0.32794079013372396
2019-07-23,-0.33484768982266716
2019-07-24,-0.33370006535532537
2019-07-25,-0.335839814578599
2019-07-26,-0.33425468670841063
2019-07-29,-0.3369275630145305
2019-07-30,-0.3354101738239989
2019-07-31,-0.3337369456937792
2019-08-01,-0.3240418636641399
2019-08-02,-0.3231894439661972
2019-08-05,-0.31046856677420925
2019-08-06,-0.30818438072158943
2019-08-07,-0.3004868781602323
2019-08-08,-0.29531312997871667
2019-08-09,-0.29867833826646606
2019-08-12,-0.2997831153580317
2019-08-13,-0.3039024130304426
2019-08-14,-0.31230636395496963
2019-08-15,-0.3056296320494097
2019-08-16,-0.30539106625013007
2019-08-19,-0.30332472007904515
2019-08-20,-0.3026035244239855
2019-08-21,-0.3098179566840747
2019-08-22,-0.31177247020323545
2019-08-23,-0.3033819935762667
2019-08-26,-0.30345343572037703
2019-08-27,-0.3022776001274628
2019-08-28,-0.30932434455851976
2019-08-29,-0.31421104259516275
2019-08-30,-0.31321313778586635
2019-09-03,-0.2941731048914741
2019-09-04,-0.2917237248490811
2019-09-05,-0.2989818093585709
2019-09-06,-0.30303262269041836
2019-09-09,-0.30754253554214767
2019-09-10,-0.3164572790558169
2019-09-11,-0.31366056374935014
2019-09-12,-0.31013719706216475
2019-09-13,-0.3167563815383723
2019-09-16,-0.31466026460064844
2019-09-17,-0.3135511908172709
2019-09-18,-0.3146454133582113
2019-09-19,-0.312287145812663
2019-09-20,-0.31001607664492015
2019-09-23,-0.3161398468031801
2019-09-24,-0.3323328215002837
2019-09-25,-0.3393996087045787
2019-09-26,-0.34434594344408603
2019-09-27,-0.34378296446915113
2019-09-30,-0.34466791441270694
2019-10-01,-0.34453050088390885
2019-10-02,-0.34439751584410855
2019-10-03,-0.3425777583920069
2019-10-04,-0.3397380480307111
2019-10-07,-0.342955246100161
2019-10-08,-0.34389055298008997
2019-10-09,-0.3377492829097114
2019-10-10,-0.3410332678735405
2019-10-11,-0.3465171556744966
2019-10-14,-0.34393121105654023
2019-10-15,-0.348193211323695
2019-10-16,-0.3496596315521455
2019-10-17,-0.34864827459607745
2019-10-18,-0.3507647914475492
2019-10-21,-0.34974135609005436
2019-10-22,-0.3500125725420572
2019-10-23,-0.35343992520000583
2019-10-24,-0.3522950161729951
2019-10-25,-0.3433789142189618
2019-10-28,-0.3412217075247922
2019-10-29,-0.3403641909194112
2019-10-30,-0.33765522767646283
2019-10-31,-0.3336655660423626
2019-11-01,-0.3317861682592838
2019-11-04,-0.3329900505584517
2019-11-05,-0.33919044584066044
2019-11-06,-0.3370071871763079
2019-11-07,-0.3436333591116254
2019-11-08,-0.3488872218184876
2019-11-11,-0.3499760573920549
2019-11-12,-0.3477185856458633
2019-11-13,-0.3457173931690739
2019-11-14,-0.3435293615114064
2019-11-15,-0.3453245079813866
2019-11-18,-0.3463780536351581
2019-11-19,-0.34596022718267144
2019-11-20,-0.34666655180953243
2019-11-21,-0.353615207321986
2019-11-22,-0.3572877434583908
2019-11-25,-0.3578864035605904
2019-11-26,-0.3546655870813832
2019-11-27,-0.3519221472473595
2019-11-29,-0.34935890401280995
2019-12-02,-0.35867539487390687
2019-12-03,-0.35431269644514957
2019-12-04,-0.3561036279097957
2019-12-05,-0.3544150476287868
2019-12-06,-0.35451939821156314
2019-12-09,-0.3564137437706656
2019-12-10,-0.35747149019871666
2019-12-11,-0.35487955195083226
2019-12-12,-0.35676360030412024
2019-12-13,-0.3536276625779479
2019-12-16,-0.3616672384045604
2019-12-17,-0.3685102340579946
2019-12-18,-0.35632919967551147
2019-12-19,-0.3566345325012813
2019-12-20,-0.35519524196352886
2019-12-23,-0.3516844194904974
2019-12-24,-0.3504318672799338
2019-12-26,-0.3497470951758373
2019-12-27,-0.3485465345015516
2019-12-30,-0.34963052044514475
2019-12-31,-0.3526962358049863
2020-01-02,-0.3528409318809743
2020-01-03,-0.3417260725379729
2020-01-06,-0.33115597772217575
2020-01-07,-0.3232721857361755
2020-01-08,-0.3266041154366524
2020-01-09,-0.3303624143591553
2020-01-10,-0.322205013536971
2020-01-13,-0.32331517752419603
2020-01-14,-0.30854096273503856
2020-01-15,-0.3064095490454213
2020-01-16,-0.3074339746358826
2020-01-17,-0.3040876429594867
2020-01-21,-0.30606659683982845
2020-01-22,-0.30665403178207057
2020-01-23,-0.3103018720592824
2020-01-24,-0.308674654187137
2020-01-27,-0.29871004563566717
2020-01-28,-0.291375947392612
2020-01-29,-0.2896570059354232
2020-01-30,-0.2853467912487543
2020-01-31,-0.2889789328232133
2020-02-03,-0.29013950138020234
2020-02-04,-0.294527704825373
2020-02-05,-0.28604909556455826
2020-02-06,-0.28147451882478514
2020-02-07,-0.2784633156131591
2020-02-10,-0.27503337044354775
2020-02-11,-0.2695161969190893
2020-02-12,-0.26720858984057844
2020-02-13,-0.2676545939424589
2020-02-14,-0.2640645789025088
2020-02-18,-0.26396337178066265
2020-02-19,-0.27127004825115625
2020-02-20,-0.27024886533078063
2020-02-21,-0.2662029594144424
2020-02-24,-0.2684321797045192
2020-02-25,-0.2818432426270134
2020-02-26,-0.29215667782279603
2020-02-27,-0.29844894257439347
2020-02-28,-0.3038929302683038
2020-03-02,-0.29409355195361186
2020-03-03,-0.2916467038324339
2020-03-04,-0.28733436218764363
2020-03-05,-0.27849298243541254
2020-03-06,-0.27009036691943705
2020-03-09,-0.2998306261453424
2020-03-10,-0.3083009943672951
2020-03-11,-0.3244686696247732
2020-03-12,-0.4104235781473724
2020-03-13,-0.39886139808656695
2020-03-16,-0.41173045561891414
2020-03-17,-0.415197920306022
2020-03-18,-0.42956999477159485
2020-03-19,-0.39415372563989315
2020-03-20,-0.37780807491179497
2020-03-23,-0.35355980634695316
2020-03-24,-0.3362351075444529
2020-03-25,-0.3415723041156347
2020-03-26,-0.33667370095841354
2020-03-27,-0.3423470148513596
2020-03-30,-0.3447133490985367
2020-03-31,-0.35260772906171756
2020-04-01,-0.3415452062986938
2020-04-02,-0.32993632139755946
2020-04-03,-0.33077686700126074
2020-04-06,-0.3058907988803297
2020-04-07,-0.312871873051409
2020-04-08,-0.31024462966364497
2020-04-09,-0.30629257572687174
2020-04-13,-0.31203287679995156
2020-04-14,-0.3098729082253554
2020-04-15,-0.30740838974593665
2020-04-16,-0.2966629106650647
2020-04-17,-0.3066637471973727
2020-04-20,-0.3059795035396956
2020-04-21,-0.304324016745919
2020-04-22,-0.29789258963023335
2020-04-23,-0.28833350360928495
2020-04-24,-0.2868886532431384
2020-04-27,-0.2903269754994604
2020-04-28,-0.2881250236546178
2020-04-29,-0.27236689168616113
2020-04-30,-0.28348262736166574
2020-05-01,-0.27588619661344016
2020-05-04,-0.27545328706911026
2020-05-05,-0.2745888820373079
2020-05-06,-0.27863115437338287
2020-05-07,-0.2586546290872397
2020-05-08,-0.266011563835362
2020-05-11,-0.29368646224062767
2020-05-12,-0.2862888579551093
2020-05-13,-0.27368604543907665
2020-05-14,-0.2604528456544216
2020-05-15,-0.26691142745086677
2020-05-18,-0.2683800757606677
2020-05-19,-0.2646219235923998
2020-05-20,-0.26676161416563987
2020-05-21,-0.278243638829398
2020-05-22,-0.2731434056603428
2020-05-26,-0.2871938680429747
2020-05-27,-0.2811906952029812
2020-05-28,-0.27532115105678684
2020-05-29,-0.27283345613815135
2020-06-01,-0.2610607007375707
2020-06-02,-0.2754368312633741
2020-06-03,-0.2821110138729319
2020-06-04,-0.2806678588207889
2020-06-05,-0.29061547277119565
2020-06-08,-0.28543767970866124
2020-06-09,-0.282358095136093
2020-06-10,-0.27673297870185787
2020-06-11,-0.2902745102167534
2020-06-12,-0.2888410975894514
2020-06-15,-0.28737483422414023
2020-06-16,-0.28652637024233607
2020-06-17,-0.28639839986796695
2020-06-18,-0.28479059181223726
2020-06-19,-0.2840985152074211
2020-06-22,-0.27922521883669604
2020-06-23,-0.2780237832350808
2020-06-24,-0.28376021934128814
2020-06-25,-0.2813210554827536
2020-06-26,-0.2834886921391559
2020-06-29,-0.28095749562991124
2020-06-30,-0.27874034645256024
2020-07-01,-0.2782343567891362
2020-07-02,-0.2769561484707958
2020-07-06,-0.2718382486415787
2020-07-07,-0.27047852158912855
2020-07-08,-0.26864227420790376
2020-07-09,-0.2658464492300958
2020-07-10,-0.26642500452550905
2020-07-13,-0.26652278704639404
2020-07-14,-0.2627246532635025
2020-07-15,-0.2623432815018534
2020-07-16,-0.2642503706512197
2020-07-17,-0.2620487922464122
2020-07-20,-0.2586496810222822
2020-07-21,-0.2546729416004131
2020-07-22,-0.24847249562399293
2020-07-23,-0.24449353115807954
2020-07-24,-0.24301493702138727
2020-07-27,-0.23702695821780098
2020-07-28,-0.233503589495944
2020-07-29,-0.22969717499162304
2020-07-30,-0.23067778839399633
2020-07-31,-0.22677264805688122
2020-08-03,-0.22676258403497448
2020-08-04,-0.21706583044136224
2020-08-05,-0.21442408583186295
2020-08-06,-0.20787322806005215
2020-08-07,-0.21386947588066305
2020-08-10,-0.21462409285219597
2020-08-11,-0.2346901503557261
2020-08-12,-0.23421948491501274
2020-08-13,-0.2313756550744483
2020-08-14,-0.23340484312284882
2020-08-17,-0.22587890181100997
2020-08-18,-0.2218293972191334
2020-08-19,-0.23294511231097226
2020-08-20,-0.2280616301957207
2020-08-21,-0.2281691879423061
2020-08-24,-0.22699068195128996
2020-08-25,-0.22840755364292625
2020-08-26,-0.22363641416796184
2020-08-27,-0.23036877773214037
2020-08-28,-0.22425587450889894
2020-08-31,-0.2228226605372792
2020-09-01,-0.21691987830173587
2020-09-02,-0.21791813046483124
2020-09-03,-0.23512286236870863
2020-09-04,-0.23936333514573302
2020-09-08,-0.24709880627236752
2020-09-09,-0.24045890808142978
2020-09-10,-0.24327240761569116
2020-09-11,-0.24243681244654283
2020-09-14,-0.2360053431540355
2020-09-15,-0.23529911241209092
2020-09-16,-0.23517219391820346
2020-09-17,-0.23790830774391386
2020-09-18,-0.2409692957753161
2020-09-21,-0.2500210740696136
2020-09-22,-0.2486329127182763
2020-09-23,-0.2603153401245217
2020-09-24,-0.25494780589852317
2020-09-25,-0.2525124841326982
2020-09-28,-0.24721456666328784
2020-09-29,-0.24545561425153525
2020-09-30,-0.2478914244825725
2020-10-01,-0.24569343134072882
2020-10-02,-0.2491973502703769
2020-10-05,-0.2466636126765589
2020-10-06,-0.2530186918902701
2020-10-07,-0.25034279089834943
2020-10-08,-0.24426493143167846
2020-10-09,-0.23703844873097948
2020-10-12,-0.22906968155806412
2020-10-13,-0.23373741280184937
2020-10-14,-0.2339715575428151
2020-10-15,-0.23323728385181028
2020-10-16,-0.23631156628852842
2020-10-19,-0.23677863059114768
2020-10-20,-0.23533417762752226
2020-10-21,-0.22698384717024664
2020-10-22,-0.2289067360278434
2020-10-23,-0.2274075989387239
2020-10-26,-0.2284815453981535
2020-10-27,-0.22216498672213553
2020-10-28,-0.2367643470508998
2020-10-29,-0.23579710896061287
2020-10-30,-0.23788874342639804
2020-11-02,-0.2320425596455428
2020-11-03,-0.22417503974565087
2020-11-04,-0.21330205802858906
2020-11-05,-0.18912553069856888
2020-11-06,-0.1915571460815616
2020-11-09,-0.20551250793137973
2020-11-10,-0.20676900376497603
2020-11-11,-0.20094976383662372
2020-11-12,-0.19240992614193414
2020-11-13,-0.18779289638569743
2020-11-16,-0.18129254794916996
2020-11-17,-0.17224084962423886
2020-11-18,-0.17387497425523823
2020-11-19,-0.17213101102504216
2020-11-20,-0.16278045123366744
2020-11-23,-0.1693021231615469
2020-11-24,-0.16313590507085632
2020-11-25,-0.16832857016365504
2020-11-27,-0.1867146124723392
2020-11-30,-0.16332586883177766
2020-12-01,-0.16913142483268565
2020-12-02,-0.16446062254659388
2020-12-03,-0.15856678969481097
2020-12-04,-0.16873579545271047
2020-12-07,-0.15890813119883118
2020-12-08,-0.16631243564185363
2020-12-09,-0.17009155073824747
2020-12-10,-0.1719299515323912
2020-12-11,-0.1733141456738054
2020-12-14,-0.16344602081771192
2020-12-15,-0.1565649532230864
2020-12-16,-0.13592843943853328
2020-12-17,-0.11737721563028548
2020-12-18,-0.11563988261619157
2020-12-21,-0.11992775242535775
2020-12-22,-0.11055048806279306
2020-12-23,-0.11630446508250919
2020-12-24,-0.1086247927408733
2020-12-28,-0.07801824332153533
2020-12-29,-0.07535113153577412
2020-12-30,-0.059440379816990026
2020-12-31,-0.05565276052676194
2021-01-04,-0.027756212129128943
2021-01-05,-0.009069770053698106
2021-01-06,0.0
2021-01-07,0.0
2021-01-08,0.0
2021-01-11,-0.051802029327270745
2021-01-12,-0.06530317388745203
2021-01-13,-0.035021194862351286
2021-01-14,-0.02196093467524925
2021-01-15,-0.04658428646224712
2021-01-19,-0.04908280648035198
2021-01-20,-0.04702958812941406
2021-01-21,-0.09241036645163107
2021-01-22,-0.0761366336337748
2021-01-25,-0.07818089829268256
2021-01-26,-0.07785756406319455
2021-01-27,-0.10008921300971704
2021-01-28,-0.07881395425819353
2021-01-29,-0.07897548126078933
2021-02-01,-0.07844245408694261
2021-02-02,-0.06611000351868075
2021-02-03,-0.054903281681313594
2021-02-04,-0.06173538919811093
2021-02-05,-0.052124403729252075
2021-02-08,0.0
2021-02-09,0.0
2021-02-10,-0.00867696155185305
2021-02-11,0.0
2021-02-12,-0.005051696147787989
2021-02-16,-0.0005511095292535774
2021-02-17,0.0
2021-02-18,-0.004973891852329837
2021-02-19,0.0
2021-02-22,-0.01122828892940771
2021-02-23,-0.04881553045525966
2021-02-24,-0.042856323745025134
2021-02-25,-0.07391763731533782
2021-02-26,-0.08805971033575687
2021-03-01,-0.060794704450244555
2021-03-02,-0.06973197192220476
2021-03-03,-0.0638210245867352
2021-03-04,-0.08356072733359321
2021-03-05,-0.0754567770370954
2021-03-08,-0.05965342448724697
2021-03-09,-0.0329768995842714
2021-03-10,-0.02202678540186299
2021-03-11,-0.007849422393752602
2021-03-12,-0.010494011754424442
2021-03-15,-0.016421922568760794
2021-03-16,-0.010888073115519698
2021-03-17,0.0
2021-03-18,-0.012945169219200475
2021-03-19,-0.009191939387503853
2021-03-22,-0.03205662401043206
2021-03-23,-0.03549647828112626
2021-03-24,-0.04870684023864045
2021-03-25,-0.05457821352654045
2021-03-26,-0.02861531966776453
2021-03-29,-0.017265326187377746
2021-03-30,-0.0165998012291337
2021-03-31,-0.010655222353877903
2021-04-01,-0.0021952794289535073
2021-04-05,0.0
2021-04-06,-0.002883695606655454
2021-04-07,-0.016445382178455144
2021-04-08,0.0
2021-04-09,-0.0004792606002235849
2021-04-12,0.0
2021-04-13,0.0
2021-04-14,-0.0047323235347898705
2021-04-15,0.0
2021-04-16,-0.007162500463048238
2021-04-19,-0.0448610935737767
2021-04-20,-0.04191485780416495
2021-04-21,-0.05075972832449212
2021-04-22,-0.06831498473643427
2021-04-23,-0.07019573431442717
2021-04-26,-0.05164261398235435
2021-04-27,-0.04648988778986298
2021-04-28,-0.04692127485889493
2021-04-29,-0.053902757087569364
2021-04-30,-0.03284857295234261
2021-05-03,-0.03149915441629627
2021-05-04,-0.05964963294394215
2021-05-05,-0.03479896417616695
2021-05-06,-0.033323505535406736
2021-05-07,-0.022550451330264575
2021-05-10,-0.033754909645744374
2021-05-11,-0.03154353010991673
2021-05-12,-0.08955617812138109
2021-05-13,-0.08131218271238863
2021-05-14,-0.07275627721876991
2021-05-17,-0.10965419334719424
2021-05-18,-0.11540484821227032
2021-05-19,-0.1529095642504362
2021-05-20,-0.12763689907317435
2021-05-21,-0.1536636830029789
2021-05-24,-0.14043795041295443
2021-05-25,-0.14062140948734428
2021-05-26,-0.13429724889904823
2021-05-27,-0.14017542269211555
2021-05-28,-0.15869908852938736
2021-06-01,-0.1528658057827291
2021-06-02,-0.14475214945313916
2021-06-03,-0.14038744259641037
2021-06-04,-0.15145452600554832
2021-06-07,-0.1751929521841981
2021-06-08,-0.17665848730075892
2021-06-09,-0.1519634744087688
2021-06-10,-0.1538614243424175
2021-06-11,-0.15232645387171181
2021-06-14,-0.13399971457529852
2021-06-15,-0.13433584077835137
2021-06-16,-0.15559426594122783
2021-06-17,-0.166562297540267
2021-06-18,-0.18913675305098623
2021-06-21,-0.23280581094304803
2021-06-22,-0.22142737881357255
2021-06-23,-0.20850893411883398
2021-06-24,-0.19568031018897655
2021-06-25,-0.22970024404170025
2021-06-28,-0.19894106875300763
2021-06-29,-0.18309482782838157
2021-06-30,-0.19204286324676553
2021-07-01,-0.2064105643246524
2021-07-02,-0.19961625559726057
2021-07-06,-0.196649258710779
2021-07-07,-0.19939756562168107
2021-07-08,-0.21388638087053327
2021-07-09,-0.19934058480808878
2021-07-12,-0.2050138598749247
2021-07-13,-0.2115387059099178
2021-07-14,-0.20956685244249715
2021-07-15,-0.2227633720356509
2021-07-16,-0.23011501570628856
2021-07-19,-0.24324639921381125
2021-07-20,-0.25047704713994406
2021-07-21,-0.2201573023485859
2021-07-22,-0.21687853569317417
2021-07-23,-0.19768404038208764
2021-07-26,-0.15318222485080188
2021-07-27,-0.1304733339505962
2021-07-28,-0.12353163708232227
2021-07-29,-0.12176291097856234
2021-07-30,-0.09734575666061254
2021-08-02,-0.13635092850585115
2021-08-03,-0.14605418282333463
2021-08-04,-0.12910487089869538
2021-08-05,-0.11327167691977211
2021-08-06,-0.08965511881079397
2021-08-09,-0.04884811202261014
2021-08-10,-0.05782381131883109
2021-08-11,-0.0567424351811725
2021-08-12,-0.06975552546976571
2021-08-13,-0.030044177253880866
2021-08-16,-0.05120073463137063
2021-08-17,-0.06801622967908433
2021-08-18,-0.07211327306503904
2021-08-19,-0.05204961533368395
2021-08-20,-0.022080737448017664
2021-08-23,-0.015835843945538806
2021-08-24,-0.0343660563829061
2021-08-25,-0.020642748488749488
2021-08-26,-0.04463968607595292
2021-08-27,-0.01917735123137458
2021-08-30,-0.038057827691629055
2021-08-31,-0.03762645574499666
2021-09-01,-0.02045664392360791
2021-09-02,-0.014086277068694922
2021-09-03,-0.007110560147547012
2021-09-07,-0.04284188097542755
2021-09-08,-0.05083397359591409
2021-09-09,-0.049832260165940126
2021-09-10,-0.0692539376337282
2021-09-13,-0.06723855486469889
2021-09-14,-0.04858142288861049
2021-09-15,-0.03379986952628988
2021-09-16,-0.038545948042365295
2021-09-17,-0.0484714423493818
2021-09-20,-0.10334709815777154
2021-09-21,-0.12594871874476976
2021-09-22,-0.09350289124534202
2021-09-23,-0.07480039611129947
2021-09-24,-0.09506721207706849
2021-09-27,-0.1025128599167291
2021-09-28,-0.12436890922082527
2021-09-29,-0.11832716313441738
2021-09-30,-0.10240087038530371
2021-10-01,-0.055806006770568496
2021-10-04,-0.052065463907664575
2021-10-05,-0.024012907151323194
2021-10-06,0.0
2021-10-07,-0.011425604837149293
2021-10-08,-0.010697235731469306
2021-10-11,0.0
2021-10-12,-0.015198003838257179
2021-10-13,-0.0016225071135694518
2021-10-14,0.0
2021-10-15,0.0
2021-10-18,0.0
2021-10-19,0.0
2021-10-20,0.0
2021-10-21,-0.030020130981487838
2021-10-22,-0.042813538401933374
2021-10-25,-0.021856161738632363
2021-10-26,-0.04330198376344521
2021-10-27,-0.06068138515767347
2021-10-28,-0.03936232057179314
2021-10-29,-0.025745226926147925
2021-11-01,-0.034784272055085635
2021-11-02,-0.01544267824178277
2021-11-03,-0.014566005798186683
2021-11-04,-0.024542236809627083
2021-11-05,-0.0254695552922222
2021-11-08,0.0
2021-11-09,-0.006274313827210632
2021-11-10,-0.02517277390290816
2021-11-11,-0.025349152843617797
2021-11-12,-0.027566909342082283
2021-11-15,-0.031852241125806154
2021-11-16,-0.055772494111491724
2021-11-17,-0.05545766047083334
2021-11-18,-0.07988031029652895
2021-11-19,-0.07216164963509089
2021-11-22,-0.0873071754213021
2021-11-23,-0.07730371503893714
2021-11-24,-0.08559856468753131
2021-11-26,-0.11735867383301682
2021-11-29,-0.08135410561595743
2021-11-30,-0.09698552600569292
2021-12-01,-0.10074527127566957
2021-12-02,-0.09903472044491196
2021-12-03,-0.1250035873544045
2021-12-06,-0.1421127455675582
2021-12-07,-0.13127643579227669
2021-12-08,-0.13158775619550125
2021-12-09,-0.15959237694319955
2021-12-10,-0.15924865283665357
2021-12-13,-0.16748628458720838
2021-12-14,-0.17153760441909774
2021-12-15,-0.14575888593887024
2021-12-16,-0.16030266882279592
2021-12-17,-0.1776526663571532
2021-12-20,-0.17644737515081219
2021-12-21,-0.15178248709429834
2021-12-22,-0.15015394049561923
2021-12-23,-0.12941322011751266
2021-12-27,-0.12451340690533305
2021-12-28,-0.15178007036471022
2021-12-29,-0.16109483606638877
2021-12-30,-0.1561145612494502
2021-12-31,-0.16473161244459114
2022-01-03,-0.16089773256737003
2022-01-04,-0.16585435496484693
2022-01-05,-0.19481401004902116
2022-01-06,-0.1993391952783541
2022-01-07,-0.20787968504423476
2022-01-10,-0.20771323599673205
2022-01-11,-0.19860179147175913
2022-01-12,-0.19247412284494322
2022-01-13,-0.2064975830070372
2022-01-14,-0.20438617425708344
2022-01-18,-0.2184562473668785
2022-01-19,-0.22732357087878458
2022-01-20,-0.2381688611024889
2022-01-21,-0.26664545416608754
2022-01-24,-0.2633848776069599
2022-01-25,-0.269709945322595
2022-01-26,-0.2715779289220798
2022-01-27,-0.2734833050231944
2022-01-28,-0.2566444288559863
2022-01-31,-0.24330982549976765
2022-02-01,-0.23821369433604847
2022-02-02,-0.23887645999574866
2022-02-03,-0.2530575757778268
2022-02-04,-0.2357074278473526
2022-02-07,-0.23816414099919056
2022-02-08,-0.23192160149243482
2022-02-09,-0.22076148018376365
2022-02-10,-0.23488822474015328
2022-02-11,-0.2501258980131595
2022-02-14,-0.2525815412647216
2022-02-15,-0.24062412244740586
2022-02-16,-0.23977362153763085
2022-02-17,-0.2561891064403896
2022-02-18,-0.26102086405529634
2022-02-22,-0.26899431229943077
2022-02-23,-0.28207768157000507
2022-02-24,-0.27135405798332124
2022-02-25,-0.2554520606255994
2022-02-28,-0.25735934777564257
2022-03-01,-0.2687570090749396
2022-03-02,-0.2554271479635394
2022-03-03,-0.25914327278231314
2022-03-04,-0.265187093142383
2022-03-07,-0.28835978713834426
2022-03-08,-0.2829934072679965
2022-03-09,-0.28524327802674987
2022-03-10,-0.28681676911047377
2022-03-11,-0.29291857514815794
2022-03-14,-0.30179606389923114
2022-03-15,-0.3009192303318027
2022-03-16,-0.291246002272667
2022-03-17,-0.2862132638856348
2022-03-18,-0.28440997307356164
2022-03-21,-0.28392325837385074
2022-03-22,-0.28317241184953246
2022-03-23,-0.2819057095866501
2022-03-24,-0.2752131964860524
2022-03-25,-0.2758380772902938
2022-03-28,-0.27849352986267756
2022-03-29,-0.27357020896581724
2022-03-30,-0.272735834976198
2022-03-31,-0.2778291275324726
2022-04-01,-0.2785428860296997
2022-04-04,-0.2748737847861023
2022-04-05,-0.2817611872058794
2022-04-06,-0.2845152168375077
2022-04-07,-0.2813698879676742
2022-04-08,-0.280059219484079
2022-04-11,-0.2843780182310162
2022-04-12,-0.2828705175499173
2022-04-13,-0.27714549513674025
2022-04-14,-0.2827807289211845
2022-04-18,-0.28149405123571997
2022-04-19,-0.2815802337120566
2022-04-20,-0.28005788694777334
2022-04-21,-0.28668138016043077
2022-04-22,-0.299922769840593
2022-04-25,-0.30454014148225705
2022-04-26,-0.3139823685629769
2022-04-27,-0.31575897275639797
2022-04-28,-0.30560657840570943
2022-04-29,-0.3184091715093745
2022-05-02,-0.3231034515650464
2022-05-03,-0.3216688183119293
2022-05-04,-0.3150383909641007
2022-05-05,-0.3176538616909089
2022-05-06,-0.31652491664829485
2022-05-09,-0.3264936383439977
2022-05-10,-0.3322056900152661
2022-05-11,-0.32677387914199113
2022-05-12,-0.33717704457403447
2022-05-13,-0.3425741651302937
2022-05-16,-0.3363330378293756
2022-05-17,-0.3405135384656484
2022-05-18,-0.34016312448588215
2022-05-19,-0.33053592159157064
2022-05-20,-0.330068791143059
2022-05-23,-0.32696058507685893
2022-05-24,-0.32191702172150016
2022-05-25,-0.32601823627883975
2022-05-26,-0.3272655134279172
2022-05-27,-0.32691509586742984
2022-05-31,-0.3336070878889878
2022-06-01,-0.3308851715636151
2022-06-02,-0.32188605548330523
2022-06-03,-0.3311314846748202
2022-06-06,-0.32537490659003143
2022-06-07,-0.3221349642475142
2022-06-08,-0.3309737086714625
2022-06-09,-0.33557765893504016
2022-06-10,-0.3450527566351331
2022-06-13,-0.40282781247309557
2022-06-14,-0.4081440775511175
2022-06-15,-0.39902136635588176
2022-06-16,-0.41349823440675065
2022-06-17,-0.4135645235143481
2022-06-21,-0.41195014792692664
2022-06-22,-0.4112090979948559
2022-06-23,-0.40369353721196677
2022-06-24,-0.4005309859229064
2022-06-27,-0.4053885817322314
2022-06-28,-0.4106464014393663
2022-06-29,-0.4093499637548034
2022-06-30,-0.41317959861236614
2022-07-01,-0.41366748090546734
2022-07-05,-0.4262371599959111
2022-07-06,-0.4353995888789356
2022-07-07,-0.4350862925109538
2022-07-08,-0.43484256713679414
2022-07-11,-0.4378802468135841
2022-07-12,-0.43997338341756864
2022-07-13,-0.43729854735002766
2022-07-14,-0.4452588874396828
2022-07-15,-0.4463741810308241
2022-07-18,-0.44585213968140286
2022-07-19,-0.44453070548689366
2022-07-20,-0.4497779513651568
2022-07-21,-0.4420683519336035
2022-07-22,-0.44067762863494936
2022-07-25,-0.4422114607810638
2022-07-26,-0.442873284868921
2022-07-27,-0.4372276595471596
2022-07-28,-0.4304115410221408
2022-07-29,-0.43009779467953996
2022-08-01,-0.429290507515777
2022-08-02,-0.43622948140171736
2022-08-03,-0.43224971099959114
2022-08-04,-0.4313487776432837
2022-08-05,-0.43284113223367954
2022-08-08,-0.426455680012164
2022-08-09,-0.43105219375524706
2022-08-10,-0.42479440239645816
2022-08-11,-0.4284716817034816
2022-08-12,-0.4206759518996346
2022-08-15,-0.42367373807540654
2022-08-16,-0.42457715065139784
2022-08-17,-0.4313495370105856
2022-08-18,-0.43182688686176457
2022-08-19,-0.45182999314365835
2022-08-22,-0.45324643773731993
2022-08-23,-0.4526055938550492
2022-08-24,-0.4535248811375419
2022-08-25,-0.4480045063492826
2022-08-26,-0.4619606374625263
2022-08-29,-0.46363543211148195
2022-08-30,-0.4692758503865179
2022-08-31,-0.4709366885071143
2022-09-01,-0.47362972311371326
2022-09-02,-0.47418868704416733
2022-09-06,-0.4864691216577239
2022-09-07,-0.47786569308491444
2022-09-08,-0.47887966430842477
2022-09-09,-0.46293975495618034
2022-09-12,-0.45551137881251424
2022-09-13,-0.4773541312377153
2022-09-14,-0.4772930401307328
2022-09-15,-0.48492933432146257
2022-09-16,-0.485811223294396
2022-09-19,-0.48592947198152037
2022-09-20,-0.49378971749590056
2022-09-21,-0.4956168101188752
2022-09-22,-0.4945246073794204
2022-09-23,-0.4991342846277416
2022-09-26,-0.5047567709968618
2022-09-27,-0.5088477657481812
2022-09-28,-0.49790054363297126
2022-09-29,-0.5002900332138328
2022-09-30,-0.5047246180410908
2022-10-03,-0.49536653738117076
2022-10-04,-0.48555925556406254
2022-10-05,-0.4889162835197197
2022-10-06,-0.4924019014256449
2022-10-07,-0.5012706441035601
2022-10-10,-0.5087195790988444
2022-10-11,-0.5098133706298769
2022-10-12,-0.508272778353312
2022-10-13,-0.5057201237700234
2022-10-14,-0.5124289615657376
2022-10-17,-0.5072426268750766
2022-10-18,-0.5066450035675297
2022-10-19,-0.5126542776865475
2022-10-20,-0.5164439977069142
2022-10-21,-0.5125830475817698
2022-10-24,-0.5113016705700097
2022-10-25,-0.5009333678154977
2022-10-26,-0.4951100212364269
2022-10-27,-0.4977255284148489
2022-10-28,-0.4950592478237127
2022-10-31,-0.49851066671069677
2022-11-01,-0.49671528568568146
2022-11-02,-0.5033470336874054
2022-11-03,-0.5054319982217624
2022-11-04,-0.4964499269229583
2022-11-07,-0.500514021161061
2022-11-08,-0.5093587780210388
2022-11-09,-0.530120271513743
2022-11-10,-0.5051584561535609
2022-11-11,-0.5070075595117821
2022-11-14,-0.5107221219597856
2022-11-15,-0.5054863434569354
2022-11-16,-0.5052589405150792
2022-11-17,-0.5079170505338029
2022-11-18,-0.509095953071094
2022-11-21,-0.5155503490553296
2022-11-22,-0.5090337072339746
2022-11-23,-0.5021986841461836
2022-11-25,-0.5032290432694272
2022-11-28,-0.5081901165490883
2022-11-29,-0.5075418414753093
2022-11-30,-0.49590267718285874
2022-12-01,-0.49139151491880734
2022-12-02,-0.4894408656245321
2022-12-05,-0.4965772594352541
2022-12-06,-0.4955074886757178
2022-12-07,-0.4934464620488009
2022-12-08,-0.4898481586857029
2022-12-09,-0.4945753759526876
2022-12-12,-0.49291469789170456
2022-12-13,-0.48432456366864846
2022-12-14,-0.4846035624136543
2022-12-15,-0.4926914974440821
2022-12-16,-0.5001174249542811
2022-12-19,-0.5052753648026257
2022-12-20,-0.5018664773997084
2022-12-21,-0.5005675459542641
2022-12-22,-0.5038250024389106
2022-12-23,-0.5048325387317547
2022-12-27,-0.5073384863870645
2022-12-28,-0.511390643685613
2022-12-29,-0.506490209614454
2022-12-30,-0.5078892033226056
2023-01-03,-0.5045429048724788
2023-01-04,-0.49940057075378
2023-01-05,-0.5021136692761986
2023-01-06,-0.4938624157122263
2023-01-09,-0.49118738656235317
2023-01-10,-0.490127540137568
2023-01-11,-0.4830464223268735
2023-01-12,-0.4719145946288698
2023-01-13,-0.46363879845296024
2023-01-17,-0.456660781909105
2023-01-18,-0.4595569727411322
2023-01-19,-0.4563716163244891
2023-01-20,-0.44663103639021834
2023-01-23,-0.44558260263276206
2023-01-24,-0.44358005581539395
2023-01-25,-0.44102419989624625
2023-01-26,-0.4461089316485439
2023-01-27,-0.446881034514907
2023-01-30,-0.4483025585149839
2023-01-31,-0.4463001083743518
2023-02-01,-0.4393688186426283
2023-02-02,-0.4511254137397344
2023-02-03,-0.4649979424948947
2023-02-06,-0.46388874456558454
2023-02-07,-0.4633955209367393
2023-02-08,-0.46207088876416563
2023-02-09,-0.4663441370874399
2023-02-10,-0.4653273209812946
2023-02-13,-0.46804832253524764
2023-02-14,-0.4676475208922198
2023-02-15,-0.4729788429688222
2023-02-16,-0.473410775087883
2023-02-17,-0.4730286667756534
2023-02-21,-0.47947258461065123
2023-02-22,-0.4805470081506757
2023-02-23,-0.47996574637109
2023-02-24,-0.48810395188644295
2023-02-27,-0.48507334834775334
2023-02-28,-0.4863969384487573
2023-03-01,-0.48490449159162113
2023-03-02,-0.4860650379414902
2023-03-03,-0.4856548036519871
2023-03-06,-0.486899140791171
2023-03-07,-0.4915792942159999
2023-03-08,-0.49401689619738504
2023-03-09,-0.5023102889003134
2023-03-10,-0.4978394287025686
2023-03-13,-0.47515349177845795
2023-03-14,-0.4733128292451706
2023-03-15,-0.4724470220790824
2023-03-16,-0.4675458282290955
2023-03-17,-0.45118582180694333
2023-03-20,-0.45057948948099086
2023-03-21,-0.461048985518084
2023-03-22,-0.45195290323391424
2023-03-23,-0.44512411361076165
2023-03-24,-0.45140316509874895
2023-03-27,-0.45650502335945353
2023-03-28,-0.45207241715326135
2023-03-29,-0.4547973242928651
2023-03-30,-0.44989106496537473
2023-03-31,-0.4527658667488598
2023-04-03,-0.44883750136598766
2023-04-04,-0.43865789064453653
2023-04-05,-0.43910597821677144
2023-04-06,-0.44312178891905074
2023-04-10,-0.4472579469960937
2023-04-11,-0.44377530432714285
2023-04-12,-0.4410646849462631
2023-04-13,-0.43356089417272564
2023-04-14,-0.4436826043087774
2023-04-17,-0.44616583980585073
2023-04-18,-0.445271644124698
2023-04-19,-0.45347032721285024
2023-04-20,-0.455160922067287
2023-04-21,-0.461709404865882
2023-04-24,-0.4586858085281217
2023-04-25,-0.45463969603300414
2023-04-26,-0.4569731518904025
2023-04-27,-0.45100554281570543
2023-04-28,-0.4481730348261766
2023-05-01,-0.4588788760789811
2023-05-02,-0.451801021906974
2023-05-03,-0.4493141702673025
2023-05-04,-0.4514267145845721
2023-05-05,-0.44856097899488795
2023-05-08,-0.45895133344103284
2023-05-09,-0.45922674230265553
2023-05-10,-0.4576286751925433
2023-05-11,-0.4604678105696782
2023-05-12,-0.4629542922102864
2023-05-15,-0.46188580647166816
2023-05-16,-0.46646545919156646
2023-05-17,-0.4641717992462528
2023-05-18,-0.4650547363658988
2023-05-19,-0.46286718784963654
2023-05-22,-0.463377883753971
2023-05-23,-0.4661337886105345
2023-05-24,-0.4702352802996601
2023-05-25,-0.47046780489991463
2023-05-26,-0.4659625586899017
2023-05-30,-0.46424777435855863
2023-05-31,-0.4653629198402423
2023-06-01,-0.4607253048632056
2023-06-02,-0.4607271402615895
2023-06-05,-0.45969312715083016
2023-06-06,-0.4588009961547635
2023-06-07,-0.46294254918843175
2023-06-08,-0.4578606024294988
2023-06-09,-0.45806826944981816
2023-06-12,-0.4557758604328046
2023-06-13,-0.4558628991525124
2023-06-14,-0.4555584387282148
2023-06-15,-0.449920139023157
2023-06-16,-0.4514175752358406
2023-06-20,-0.4553242271579089
2023-06-21,-0.4573832299460313
2023-06-22,-0.45814200565465146
2023-06-23,-0.4602061356200521
2023-06-26,-0.4612581637050358
2023-06-27,-0.4584683986076966
2023-06-28,-0.45875250354745345
2023-06-29,-0.457612243251584
2023-06-30,-0.45225353933498397
2023-07-03,-0.4516293781556581
2023-07-05,-0.45285280035337
2023-07-06,-0.45618786024118896
2023-07-07,-0.45558687314571517
2023-07-10,-0.45455785510350527
2023-07-11,-0.45161462479527004
2023-07-12,-0.44613304726016706
2023-07-13,-0.44321142334829955
2023-07-14,-0.44463508936819096
2023-07-17,-0.4450127979513613
2023-07-18,-0.44330149785543
2023-07-19,-0.4425055106662976
2023-07-20,-0.4454506968501192
2023-07-21,-0.44531201725023567
2023-07-24,-0.44980043881299575
2023-07-25,-0.4479549897481778
2023-07-26,-0.44624373642606213
2023-07-27,-0.4513360996773477
2023-07-28,-0.4473957023604867
2023-07-31,-0.4470830212690428
2023-08-01,-0.446863623898652
2023-08-02,-0.4536006267292617
2023-08-03,-0.4540311474201064
2023-08-04,-0.45484641110250784
2023-08-07,-0.45301731370882864
2023-08-08,-0.45146116479186693
2023-08-09,-0.4548181914654075
2023-08-10,-0.45575219286416024
2023-08-11,-0.45611176521503605
2023-08-14,-0.4555811743969259
2023-08-15,-0.45965231599412804
2023-08-16,-0.4647325841013719
2023-08-17,-0.47796493759173114
2023-08-18,-0.4812160612407497
2023-08-21,-0.4790747207785496
2023-08-22,-0.47977702739242756
2023-08-23,-0.47360943686471885
2023-08-24,-0.47778286834444206
2023-08-25,-0.47733291076459483
2023-08-28,-0.47526798959356126
2023-08-29,-0.46213440878903267
2023-08-30,-0.4631990990773165
2023-08-31,-0.4713883136514132
2023-09-01,-0.4716378734780275
2023-09-05,-0.4741869421571641
2023-09-06,-0.47651382769079864
2023-09-07,-0.47429314698940456
2023-09-08,-0.4757587349709533
2023-09-11,-0.47833082791035464
2023-09-12,-0.4756121626743731
2023-09-13,-0.47310273308611533
2023-09-14,-0.4693906334010818
2023-09-15,-0.469894599926135
2023-09-18,-0.4677702892372347
2023-09-19,-0.4651656917562681
2023-09-20,-0.4671770119122551
2023-09-21,-0.47523146505051034
2023-09-22,-0.4749722149528136
2023-09-25,-0.4771195933498918
2023-09-26,-0.48155917174549717
2023-09-27,-0.4826979453460049
2023-09-28,-0.47803005478688454
2023-09-29,-0.48093805420104463
2023-10-02,-0.47854324358250716
2023-10-03,-0.4819579901086197
2023-10-04,-0.47825594607467947
2023-10-05,-0.48128464592868836
2023-10-06,-0.4748646622605334
2023-10-09,-0.4733499624865022
2023-10-10,-0.4739638723471155
2023-10-11,-0.4752935301454264
2023-10-12,-0.47765919287192327
2023-10-13,-0.47229930878112986
2023-10-16,-0.4611194369667022
2023-10-17,-0.46145284701603984
2023-10-18,-0.4617833349972194
2023-10-19,-0.4586154420746532
2023-10-20,-0.4542323921461869
2023-10-23,-0.4347072163845627
2023-10-24,-0.42836085477146946
2023-10-25,-0.42630536656901385
2023-10-26,-0.4302484948418781
2023-10-27,-0.43041276123513467
2023-10-30,-0.4257938733049478
2023-10-31,-0.42472472212525875
2023-11-01,-0.41871257133034284
2023-11-02,-0.41800818463123396
2023-11-03,-0.41704456528539596
2023-11-06,-0.4162701960129574
2023-11-07,-0.4142826679521133
2023-11-08,-0.41490874671280614
2023-11-09,-0.4099942814139999
2023-11-10,-0.4056896383577368
2023-11-13,-0.40937322082122435
2023-11-14,-0.40932041625094107
2023-11-15,-0.39682194075986155
2023-11-16,-0.40419165061944445
2023-11-17,-0.4015342732921519
2023-11-20,-0.39550011463084644
2023-11-21,-0.403256467530804
2023-11-22,-0.39457571239612194
2023-11-24,-0.3918525898633918
2023-11-27,-0.3934845529618493
2023-11-28,-0.3875019016778883
2023-11-29,-0.38719689556205317
2023-11-30,-0.3880444846551801
2023-12-01,-0.37809983439897327
2023-12-04,-0.3662124944943482
2023-12-05,-0.3558235996731243
2023-12-06,-0.3575345856804169
2023-12-07,-0.3577755333741889
2023-12-08,-0.35553591841049487
2023-12-11,-0.37178693241754185
2023-12-12,-0.36991158453022865
2023-12-13,-0.3553472214457695
2023-12-14,-0.352734654074646
2023-12-15,-0.36047476576561627
2023-12-18,-0.35491965051675994
2023-12-19,-0.3538261418475581
2023-12-20,-0.35154093205689696
2023-12-21,-0.3468857563404786
2023-12-22,-0.34485314743488665
2023-12-26,-0.34954366542850496
2023-12-27,-0.34371931735316336
2023-12-28,-0.34890940704329887
2023-12-29,-0.3524824612108355
2024-01-02,-0.3408589141501031
2024-01-03,-0.35496657801572706
2024-01-04,-0.34923352773248695
2024-01-05,-0.349332952918303
2024-01-08,-0.33503850758937037
2024-01-09,-0.33940107904972405
2024-01-10,-0.3366019306951325
2024-01-11,-0.3373072195114813
2024-01-12,-0.35220332946867927
2024-01-16,-0.35415614619743935
2024-01-17,-0.35954627264403727
2024-01-18,-0.36333797381610194
2024-01-19,-0.35839126142411043
2024-01-22,-0.3685261422357625
2024-01-23,-0.3658317843674886
2024-01-24,-0.36641838914447605
2024-01-25,-0.3649062136395401
2024-01-26,-0.356894763945742
2024-01-29,-0.34673159399046516
2024-01-30,-0.34786400770532033
2024-01-31,-0.35294288641923943
2024-02-01,-0.345142743832692
2024-02-02,-0.34523380821017496
2024-02-05,-0.34991750115886294
2024-02-06,-0.34601387720059346
2024-02-07,-0.33811448740709915
2024-02-08,-0.3333013530089745
2024-02-09,-0.32374421849716045
2024-02-12,-0.3106310817849136
2024-02-13,-0.317794053188304
2024-02-14,-0.30566195736209856
2024-02-15,-0.30215632963243905
2024-02-16,-0.3013639202210945
2024-02-20,-0.30065087071537766
2024-02-21,-0.30269391101288345
2024-02-22,-0.3008087215336973
2024-02-23,-0.30233185666315165
2024-02-26,-0.28524244213087213
2024-02-27,-0.2724853758094655
2024-02-28,-0.24642176237112393
2024-02-29,-0.25109662606488176
2024-03-01,-0.23875569305539945
2024-03-04,-0.20753864237968978
2024-03-05,-0.22672290107091025
2024-03-06,-0.21449267466194283
2024-03-07,-0.2072424216125734
2024-03-08,-0.20132890253422345
2024-03-11,-0.18672273730401598
2024-03-12,-0.18938018415129407
2024-03-13,-0.18182232474017754
2024-03-14,-0.190047179345263
2024-03-15,-0.20051181118050918
2024-03-18,-0.20574645869698646
2024-03-19,-0.2271976466214568
2024-03-20,-0.19963664861869712
2024-03-21,-0.2084326057798307
2024-03-22,-0.217746205293594
2024-03-25,-0.19517234688470642
2024-03-26,-0.1946848801344179
2024-03-27,-0.19250702014339832
2024-03-28,-0.18420629621027437
2024-04-01,-0.18584577052049883
2024-04-02,-0.20016425963211498
2024-04-03,-0.1953770570294217
2024-04-04,-0.19009596004596852
2024-04-05,-0.18556444629189528
2024-04-08,-0.16870077461062316
2024-04-09,-0.17720387203798704
2024-04-10,-0.1766804949315861
2024-04-11,-0.17159918674319102
2024-04-12,-0.19087860751697744
2024-04-15,-0.20484588566435918
2024-04-16,-0.2034206403635439
2024-04-17,-0.2175008003313723
2024-04-18,-0.20819638847425237
2024-04-19,-0.2082409314270903
2024-04-22,-0.2010594893523337
2024-04-23,-0.20044647470621813
2024-04-24,-0.20982360017046595
2024-04-25,-0.20837418811083647
2024-04-26,-0.20800320783283607
2024-04-29,-0.207290473892287
2024-04-30,-0.230281081574897
2024-05-01,-0.23908694535416616
2024-05-02,-0.2338578495163377
2024-05-03,-0.21544868577388115
2024-05-06,-0.2089200938714184
2024-05-07,-0.21334365211177778
2024-05-08,-0.2189660677657355
2024-05-09,-0.20566111688289926
2024-05-10,-0.21288885591369508
2024-05-13,-0.2071012699945923
2024-05-14,-0.20941807647322414
2024-05-15,-0.18363206267857457
2024-05-16,-0.18961722374504492
2024-05-17,-0.1773325580339712
2024-05-20,-0.15806086144075368
2024-05-21,-0.1633430542364223
2024-05-22,-0.17343760814078163
2024-05-23,-0.18582716478573832
2024-05-24,-0.18132601031614923
2024-05-28,-0.1793692440488115
2024-05-29,-0.18679733083957437
2024-05-30,-0.1849496777560325
2024-05-31,-0.18763198387187024
2024-06-03,-0.1797968180366428
2024-06-04,-0.1749689608265919
2024-06-05,-0.16651682974787244
2024-06-06,-0.16581912445525918
2024-06-07,-0.1818783372274306
2024-06-10,-0.17793081895112237
2024-06-11,-0.1853813206942672
2024-06-12,-0.17878829949986016
2024-06-13,-0.1864412475930365
2024-06-14,-0.18583686541449765
2024-06-17,-0.1831152507368219
2024-06-18,-0.18678383694036407
2024-06-20,-0.18545584390491354
2024-06-21,-0.1930493736058401
2024-06-24,-0.20866271279345674
2024-06-25,-0.20290317607362365
2024-06-26,-0.20904252896754766
2024-06-27,-0.2025088661509728
2024-06-28,-0.2091343315263529
2024-07-01,-0.19719873941222246
2024-07-02,-0.1990024067230618
2024-07-03,-0.20294304394035467
2024-07-05,-0.21337736958157855
2024-07-08,-0.2162911695609913
2024-07-09,-0.21002724923234287
2024-07-10,-0.20752679756524572
2024-07-11,-0.20684001353035367
2024-07-12,-0.20293851691676743
2024-07-15,-0.1730085073493727
2024-07-16,-0.16496687056805656
2024-07-17,-0.17437186917314104
2024-07-18,-0.17887828866016328
2024-07-19,-0.17427290846685559
2024-07-22,-0.16773638762733592
2024-07-23,-0.17436110544149155
2024-07-24,-0.18388095293359544
2024-07-25,-0.18785359280967742
2024-07-26,-0.17318952070257293
2024-07-29,-0.17788328784069826
2024-07-30,-0.1790724369440772
2024-07-31,-0.17615576414250939
2024-08-01,-0.17813015198524132
2024-08-02,-0.20032579051183944
2024-08-05,-0.2439173019287697
2024-08-06,-0.23570440066163417
2024-08-07,-0.24173552647811752
2024-08-08,-0.20617571092089607
2024-08-09,-0.207638121696967
2024-08-12,-0.20888428499237585
2024-08-13,-0.19997823319693986
2024-08-14,-0.20901780057730665
2024-08-15,-0.2081925793057562
2024-08-16,-0.1960484556795318
2024-08-19,-0.19148522283719527
2024-08-20,-0.19280598128263096
2024-08-21,-0.18377879939710695
2024-08-22,-0.1926753811974208
2024-08-23,-0.1727196514036718
2024-08-26,-0.17703478730151484
2024-08-27,-0.1877452723048089
2024-08-28,-0.1922086886161094
2024-08-29,-0.19063935999532503
2024-08-30,-0.19323789381149872
2024-09-03,-0.2006706083912597
2024-09-04,-0.19659019042990677
2024-09-05,-0.20012560077865166
2024-09-06,-0.21237734351845156
2024-09-09,-0.19879543776021616
2024-09-10,-0.19353559529721562
2024-09-11,-0.19295795940260835
2024-09-12,-0.18613723388909537
2024-09-13,-0.1747289277266681
2024-09-16,-0.1802940860240302
2024-09-17,-0.17576405138761064
2024-09-18,-0.176419485571486
2024-09-19,-0.16629734384490022
2024-09-20,-0.16396500082525195
2024-09-23,-0.16305271643126365
2024-09-24,-0.15640705171841368
2024-09-25,-0.16277295911931827
2024-09-26,-0.15375774894420075
2024-09-27,-0.15267728502451905
2024-09-30,-0.1628140523200896
2024-10-01,-0.1694155145234355
2024-10-02,-0.17173160620285957
2024-10-03,-0.17380988366869707
2024-10-04,-0.1706273666598904
2024-10-07,-0.1742355495349063
2024-10-08,-0.17383533038742366
2024-10-09,-0.1798470736635746
2024-10-10,-0.18050251736574666
2024-10-11,-0.1707530162258894
2024-10-14,-0.15768995102108896
2024-10-15,-0.1529760256016381
2024-10-16,-0.14827562353904042
2024-10-17,-0.15092319054949874
2024-10-18,-0.1443662778052273
2024-10-21,-0.15180860894320453
2024-10-22,-0.14945955272551228
2024-10-23,-0.15752410953073515
2024-10-24,-0.14872401624291795
2024-10-25,-0.15438924398033058
2024-10-28,-0.14427968349160206
2024-10-29,-0.13263579674406023
2024-10-30,-0.13266890586669125
2024-10-31,-0.14665900466431292
2024-11-01,-0.15199767737584854
2024-11-04,-0.1542216546169384
2024-11-05,-0.1453248243387429
2024-11-06,-0.13386457328229243
2024-11-07,-0.12548885209236704
2024-11-08,-0.12133333308919986
2024-11-11,-0.09187566960766771
2024-11-12,-0.09984352890670202
2024-11-13,-0.0957667585191315
2024-11-14,-0.10699889885415821
2024-11-15,-0.09914253140665519
2024-11-18,-0.0959284447594874
2024-11-19,-0.08748662930609598
2024-11-20,-0.0819287418701909
2024-11-21,-0.06881455941478848
2024-11-22,-0.063795732179139
2024-11-25,-0.0793894353505272
2024-11-26,-0.08145269029456122
2024-11-27,-0.07036415014119775
2024-11-29,-0.06089162168020199
2024-12-02,-0.06593558457636031
2024-12-03,-0.06707333758383972
2024-12-04,-0.055668532558422044
2024-12-05,-0.06274133573575352
2024-12-06,-0.05374054652706213
2024-12-09,-0.061148893298343554
2024-12-10,-0.06186062439395165
2024-12-11,-0.04918106966317453
2024-12-12,-0.05950620059889961
2024-12-13,-0.06123176629326462
2024-12-16,-0.04793450808053837
2024-12-17,-0.04963564910927708
2024-12-18,-0.08410451493776358
2024-12-19,-0.09145494436411464
2024-12-20,-0.08377099902532617
2024-12-23,-0.09268768365682611
2024-12-24,-0.0769766156366617
2024-12-26,-0.08354122307678022
2024-12-27,-0.09395136156291715
2024-12-30,-0.10310204817381645
2024-12-31,-0.0999615081565277
