,portfolio_value
0,100000.0
1,100415.81286001248
2,100659.79242355461
3,100546.26128251996
4,100171.83380918759
5,100355.18731192833
6,101280.66670723051
7,101398.8924484169
8,101610.49573907984
9,101639.04365580279
10,102009.05197106101
11,101161.8003121441
12,101323.7753278404
13,101686.27926938469
14,101414.85053520204
15,101319.46505691858
16,101134.78476638698
17,100361.72840812548
18,99607.93210030063
19,99869.7658225878
20,99567.753566188
21,98347.42047993146
22,97460.67090891828
23,98722.57620942773
24,98682.30878962645
25,100055.23717638559
26,100069.48730606792
27,100343.6580121516
28,100285.17537720728
29,100400.32103177765
30,100418.9847267842
31,100505.27695600122
32,100196.4782377009
33,101200.05352910818
34,100305.42604061222
35,98710.18347776527
36,100477.08635473669
37,100078.17259416357
38,99500.39206012436
39,98813.10853712713
40,99051.10103802143
41,100975.65833482656
42,100618.57296941396
43,103061.1721120258
44,103091.05924928945
45,102214.79756948723
46,101725.37873379978
47,100078.7879032044
48,100454.56817892106
49,101727.73669310818
50,102718.98369197475
51,99633.94826011886
52,101242.77695065182
53,100223.849815595
54,99956.98865098525
55,99313.90608444452
56,99317.69044855169
57,98287.97812046757
58,99278.63243508936
59,98200.52983877639
60,97859.04220180729
61,94921.87776302944
62,94196.01340786339
63,93745.05582180506
64,78142.70945645428
65,81463.81123984088
66,89629.65896672539
67,87477.98762512329
68,81346.81167074412
69,83287.33172433924
70,83378.06984986531
71,83975.28442100504
72,80794.01982080698
73,80620.68327080524
74,79245.49282592931
75,79540.63430589021
76,78579.16587888716
77,82644.85066741233
78,81996.37880776229
79,79168.93060292628
80,79714.41851777559
81,80678.14273130901
82,80590.00691528343
83,80774.30986977894
84,83613.8623890848
85,84623.26705055498
86,85780.92003366166
87,85591.95188328162
88,87810.74313674629
89,85632.15760512912
90,86138.98114146088
91,86188.48580279846
92,86916.06315132897
93,87776.68038000028
94,86905.31259593336
95,85538.90176701861
96,85332.13000238627
97,83695.36650145757
98,84139.62976473174
99,84406.56412523446
100,84351.33943244984
101,84780.55531657925
102,84310.40562157275
103,83681.51654840354
104,83755.23867628838
105,84465.81945474306
106,84717.00703376275
107,83945.09794123763
108,83788.39868605805
109,84185.19222617718
110,83855.63976597578
111,83688.8876597565
112,84310.30434397889
113,84603.49785959984
114,83792.69792025963
115,84247.13527773842
116,84233.13279639819
117,84295.46335774042
118,85135.92211968331
119,84713.55989886673
120,85415.84138707204
121,84924.28941938892
122,85240.42455322141
123,85265.42085620377
124,85119.49207159306
125,84844.49211548227
126,85715.52019229416
127,85446.45110990683
128,86165.8243137127
129,86271.69435378173
130,86843.82515350256
131,86265.96237901467
132,87558.35691194463
133,87862.4398645113
134,86304.89612911882
135,87059.37933432873
136,87928.07172560427
137,86582.84594004377
138,87492.51971867678
139,87279.20898171261
140,87608.60110552568
141,88461.62073683996
142,87998.60581690536
143,87463.74997290548
144,88019.87689378479
145,87786.02975619245
146,88258.96790837262
147,87928.61878245673
148,88054.11815761183
149,87173.70866417595
150,86208.6567318648
151,86450.6479831139
152,86528.94575543235
153,86014.18499616471
154,86059.1270096618
155,86349.54513581556
156,87316.81477851573
157,90855.93331895501
158,91260.99045931235
159,91468.08375229921
160,94453.70394220616
161,95112.59093523375
162,94687.38478206654
163,95582.28237432196
164,95574.45850380439
165,95984.9558454049
166,102557.74834990366
167,101658.38144820913
168,102455.5361677604
169,105560.44211677398
170,104984.99795248873
171,103887.97334680878
172,99669.63895145606
173,96100.34144399529
174,96992.77342473736
175,101297.52461877029
176,101749.08868188402
177,101077.42012545421
178,100632.42396640831
179,102618.68719359454
180,103741.12891555861
181,103981.3804687616
182,104587.46267453594
183,102781.7095927875
184,104559.01255421981
185,103193.94492962041
186,103072.01086593629
187,103235.93661151089
188,102811.77347205525
189,102655.19819453344
190,103147.35484269078
191,103329.26323511945
192,102476.44050188316
193,102899.74246321832
194,102143.18149259908
195,102035.43634534064
196,102108.18310350503
197,103043.06742011513
198,102949.4116902587
199,103611.53374391426
200,100932.47637632869
201,98116.24158027566
202,98917.08057422013
203,99686.09941079642
204,99039.10283032605
205,99729.56071362384
206,99952.3927833368
207,100286.04204852867
208,99876.71677922056
209,99945.33333073069
210,98987.48321098907
211,99356.10220390113
212,99374.78228219475
213,99635.06967113592
214,99303.80182807117
215,99949.43652066702
216,99880.00175654703
217,99275.20798365676
218,99038.38177364161
219,98892.70567358033
220,99153.92051464021
221,98913.04505227477
222,98741.39142078902
223,98734.11254763833
224,99032.98634118699
225,101160.03205289361
226,101222.61773966477
227,101191.07028407877
228,99850.93607232712
229,99595.05834833374
230,98825.17060734647
231,98995.53199280382
232,98831.63446880225
233,98866.17617464559
234,98932.92074597727
235,99006.99259957577
236,99383.1935055133
237,99759.04271808172
238,99886.17565753058
239,100036.2705712833
240,100113.4674449126
241,100044.56889286693
242,99890.5583234924
243,99934.88970563102
244,99826.52550955636
245,98444.96282162021
246,98492.86433008933
247,98163.47848487057
248,98275.6532561342
249,98418.41680032977
250,98787.25590201154
251,98694.28812727993
252,98788.6839631487
253,98453.60663809642
254,98544.93318720793
255,98882.88398432836
256,98820.43836721576
257,98737.88167244762
258,98881.87373275936
259,99628.17375204539
260,99942.84636727224
261,100357.79279580893
262,100429.13792423769
263,100465.81052330422
264,101103.76689714006
265,102103.5630245502
266,102631.97522619259
267,100581.03216710663
268,101321.00442940739
269,101193.31998456504
270,101338.83377152125
271,100965.53955335933
272,100002.65142544535
273,99275.15374210048
274,98537.26198121575
275,99293.11132231772
276,100506.31282786862
277,100024.2661699505
278,100030.84334940335
279,99960.30974533627
280,100397.86678706076
281,99468.52286583473
282,99305.77321345478
283,99314.2416958866
284,99264.96599358972
285,99038.48105401339
286,99209.86598667884
287,100279.00530223963
288,99531.58783920188
289,99806.66172065592
290,100540.37871219826
291,100532.9715065429
292,100351.37803734947
293,100733.21248638179
294,100886.63290818039
295,100112.06335451933
296,99738.70830893556
297,100117.23376431777
298,100735.39057955344
299,100889.38386520348
300,102105.31182391627
301,103156.79234135365
302,105527.63685579157
303,106244.79317637124
304,107633.94790265472
305,108004.95494704177
306,107194.22156842085
307,110691.45825545402
308,114765.5019708119
309,110328.89518260233
310,105914.34876191181
311,106111.60631648546
312,106451.51563870578
313,101179.82092003753
314,102370.8558981179
315,103341.28231210494
316,107053.04537323593
317,105980.74091472774
318,106311.66804138159
319,106368.1132799606
320,107517.81178542145
321,106466.04098294045
322,106828.49755326113
323,107087.67560483966
324,107188.0859483473
325,107141.16513727517
326,109519.79802773593
327,110117.33277594039
328,111180.61265881186
329,112185.31630045432
330,112918.58101726712
331,113675.27303771992
332,114021.01310956512
333,111416.6807954724
334,111447.13563238
335,111469.07262055353
336,112176.58889538156
337,112646.10129996513
338,113551.62167037313
339,114168.04934488893
340,116850.29213092758
341,116832.43482953368
342,119392.9982620522
343,119823.75482233937
344,120237.53340951039
345,120075.04776974072
346,123035.44883057287
347,124065.01960280829
348,125281.8776386502
349,124988.84640446366
350,122333.7235545161
351,118428.55141163584
352,120453.03188542284
353,116912.32219552602
354,122680.93920693907
355,122846.77840068817
356,123850.21260241515
357,120587.43902662353
358,115863.44364593398
359,113325.68239920234
360,116049.88226533908
361,112365.90028604983
362,111738.09410431278
363,105977.55769928894
364,111713.26584461048
365,112191.8986530912
366,111858.35081779928
367,111303.22696669448
368,113580.10496907416
369,117174.564719952
370,116668.47766723325
371,116057.19690852104
372,119132.87334911322
373,118780.2872380006
374,119329.63785614315
375,120150.53705868819
376,119654.95734637955
377,117695.14322876743
378,119440.94209433779
379,120144.25936200398
380,119965.25714767669
381,121375.58812422864
382,120833.76158994365
383,122868.08333308238
384,123973.75573449428
385,124693.74477343254
386,126504.6592188079
387,126306.60583002797
388,131317.09118231887
389,132768.17801994114
390,134369.02377471438
391,136559.58209098078
392,137612.86873985972
393,144654.3930957899
394,145919.07364968315
395,147358.6451555865
396,149698.47750344183
397,144361.82229534356
398,145351.01989925856
399,145117.87604264752
400,148069.3582715923
401,150335.7088830159
402,154665.6619777186
403,161963.8874022375
404,167443.5886908012
405,171970.47263108252
406,167357.48776601316
407,163531.53495105274
408,162453.75299406907
409,166473.6506363622
410,171441.60645065532
411,174551.25815052912
412,181176.95971722866
413,186646.9851712316
414,182447.52543827315
415,184912.81202001774
416,185369.8574123739
417,179798.99211775584
418,182156.75036922714
419,174691.18481658513
420,173054.31917039416
421,174947.89200553336
422,178106.3016434883
423,181937.32880616255
424,180815.65569373782
425,181321.39676651204
426,182743.73561196323
427,173473.3967850408
428,175323.6341950539
429,176868.64779382222
430,174861.23512339772
431,172987.0627463525
432,175987.42343468862
433,177482.7815989305
434,176891.3460040704
435,174361.17481009196
436,169245.02906042905
437,167932.8436251553
438,170726.08105693964
439,169399.96357648965
440,165197.1510832751
441,165004.51236647303
442,168331.440410636
443,167119.86278172064
444,185088.6961345366
445,179949.03569989162
446,182817.8335601038
447,176920.6161195251
448,175294.55772605803
449,180011.13391402055
450,184413.60811296114
451,186513.30744774087
452,181481.8618404973
453,181272.17311213084
454,184187.88374390552
455,187301.18916920418
456,201922.56506252545
457,202891.48518187652
458,200562.99246559243
459,200295.07298882914
460,208118.4449316023
461,226787.63306347418
462,222955.95484707569
463,228223.1902684425
464,225252.3173678612
465,220538.01186351257
466,216330.98374687825
467,220093.7552239821
468,221058.75470699114
469,225572.74800348005
470,226792.5100512704
471,227083.65595290225
472,232190.02144566804
473,232390.3542786455
474,236549.8443718992
475,241367.50483590324
476,227059.85360300966
477,233029.42580248017
478,233085.21738705572
479,223144.26496323672
480,222533.18414261856
481,222090.15721254406
482,215261.84992534405
483,192890.8151211529
484,206747.57382517026
485,218458.28532300354
486,214733.2000947291
487,214250.30120211872
488,206144.69027693482
489,206155.7073564978
490,214006.82756005324
491,213148.26765921648
492,221686.76508747324
493,221133.07115207444
494,221211.79889610055
495,228046.90520848313
496,225890.63743071005
497,223695.4956136336
498,226945.4716474356
499,227922.30620362682
500,237742.18838843887
501,238303.50439898207
502,239593.97004667998
503,253902.5261474286
504,258641.5795288305
505,260596.47529172318
506,257926.56896620485
507,257711.27895224604
508,260434.1174511104
509,267837.38565970707
510,265495.84741106356
511,256370.40352867765
512,260830.8258042235
513,264446.3832094207
514,262718.44015713356
515,269941.86070817197
516,277392.8446577227
517,283841.70931143576
518,290277.33674632147
519,293387.5420597155
520,289800.0987031742
521,292187.1889127391
522,298744.9498229574
523,291734.2742475422
524,280544.85755623016
525,279426.6238139153
526,280716.62449121266
527,293701.3770700914
528,305704.53283287864
529,302062.26413443557
530,311657.24819001585
531,310195.3918249437
532,313522.06414667866
533,313886.4122843145
534,341052.20214097324
535,346899.29599329067
536,343833.9014527853
537,351228.02173397277
538,363155.82659195387
539,373875.93900332495
540,377318.1612273704
541,394212.82288329024
542,414628.87055908283
543,407186.9762111511
544,409111.97483743343
545,412223.2651788072
546,407729.87579913373
547,408501.7300819705
548,416759.81233236176
549,424912.18939957395
550,415489.9634921048
551,407595.94676456513
552,403376.58808363584
553,390579.6623797778
554,406245.79257549543
555,406330.6690637318
556,398739.2653181486
557,399505.70820756187
558,402534.38464683405
559,404842.8815453557
560,408387.31828519714
561,419994.6829073233
562,405525.14228134626
563,400003.80165403784
564,402526.0659200274
565,392872.89160525094
566,398983.31021820183
567,379657.222522083
568,377129.4766113992
569,378263.6162194249
570,379700.2364725429
571,375038.069076511
572,375562.81530151406
573,380301.6353373985
574,379641.6406295808
575,379711.01396630815
576,378937.7671849261
577,366447.3034800702
578,368678.6544451954
579,357534.6741866406
580,350179.0179550983
581,326583.17112443864
582,335681.35239093885
583,332579.0978475417
584,336183.4811356
585,341423.9653715852
586,345285.59729767026
587,343138.7183640147
588,353288.7638162552
589,360849.54246207816
590,361664.9695243005
591,369262.53971265827
592,361274.6664415524
593,356136.2203764008
594,360815.3872462445
595,362681.37327922194
596,363546.0357622199
597,360281.83542209707
598,364041.41429049295
599,365372.43938800757
600,369947.75461151695
601,362643.74912800855
602,352328.2658097414
603,345690.48563844216
604,347081.7751267517
605,345283.90501514357
606,344629.00280232826
607,331784.3156459586
608,331372.10556410573
609,331723.9430449693
610,334266.7551818089
611,337547.96458162856
612,339478.3536757432
613,333591.64723093837
614,334534.5119720962
615,329376.9946511497
616,321662.4448405492
617,321504.23617156176
618,311724.5228460211
619,309469.938196722
620,315286.6049493575
621,309262.4502254535
622,308413.5755253174
623,305866.67469945934
624,308161.7587646743
625,310144.40175487706
626,312113.7365098282
627,320952.0597888141
628,321494.9031169365
629,323932.425462979
630,323502.00390268833
631,325606.9795946262
632,325623.7806863276
633,328961.1701038984
634,329097.9764464088
635,334780.76052112406
636,326185.20862923766
637,331213.4937845195
638,329608.36735295627
639,330810.04779439984
640,328977.2996810886
641,329417.1349918449
642,335611.6217264539
643,336788.51418290957
644,333336.2512276243
645,331703.7270538781
646,333612.9527155229
647,332000.1818794866
648,324549.18131919915
649,327630.26256763603
650,322480.69953741156
651,320961.9313484878
652,317364.543484974
653,319170.74338149384
654,322173.2120166378
655,316890.0657153493
656,310736.2135653291
657,311811.30466251954
658,309764.3272605898
659,308448.87372049934
660,309048.86117743247
661,309473.43000172207
662,310927.2701097138
663,310982.82511166803
664,313200.19410145114
665,314523.6204956373
666,314841.70411554317
667,314469.9774223395
668,303205.3300393405
669,297665.61540987826
670,293561.988071336
671,299408.2979291727
672,294276.8388899289
673,298525.0654965242
674,298480.00691742403
675,298434.7238750074
676,296834.002620838
677,286079.32929743
678,287201.55897257186
679,284358.7470491598
680,284157.77017615514
681,279207.4659746
682,286287.2678766775
683,294974.2935980444
684,292627.4011682924
685,296184.31246854283
686,298221.78688718454
687,301066.05084759
688,292652.2031648499
689,292931.05551903835
690,290677.99837058305
691,291002.44991111197
692,301563.12212836737
693,313972.77718556585
694,315326.7088285983
695,316632.62690082804
696,314161.63282187405
697,321518.7525804855
698,335832.4684695683
699,332682.0059650943
700,327780.9769448381
701,330990.00063801755
702,330436.56818808767
703,322965.2708824658
704,319434.5367041633
705,319087.78151195386
706,316945.99718238995
707,306890.0084735214
708,302946.6787331695
709,292501.7507586396
710,298265.1725319834
711,288290.1092312013
712,290356.2075256134
713,289005.84955261217
714,290436.9304486608
715,292209.2781221689
716,298286.88169147045
717,292307.7449588095
718,296767.0726449062
719,294094.2465832758
720,297501.77371417865
721,301343.15906449745
722,305342.61588096054
723,308499.97407657024
724,308898.89116678236
725,307055.8209033783
726,307923.2458654708
727,312154.43129769934
728,303286.61446029716
729,298702.5361842789
730,297369.40882411564
731,295602.7625849487
732,296122.5834364931
733,296643.5798439667
734,300338.7013490856
735,300303.1012168126
736,295640.34134016867
737,298104.0229373425
738,298737.2381126849
739,302204.19354957674
740,305267.4359554209
741,301853.7734130671
742,298699.9115257609
743,299166.93251399836
744,303226.0652895628
745,302598.5689687819
746,302109.1086592149
747,301340.16182484746
748,300360.78795076965
749,300506.5004157025
750,300458.42717916303
751,301043.4999167305
752,300606.1263661131
753,294008.37894783274
754,283752.97264804255
755,286327.22249131545
756,291639.50845901086
757,295198.93250378454
758,294219.93836991506
759,290469.8925227451
760,290160.423334999
761,288955.1738282973
762,287599.1685564693
763,279948.2566361106
764,284210.3381082526
765,279779.0595063442
766,277652.289914352
767,281243.1236217472
768,283772.6007423257
769,286737.94816337404
770,285302.8487097995
771,286850.5583884844
772,288663.9575211302
773,294404.6968553991
774,293509.50277722016
775,290599.73443928437
776,285712.0063753243
777,285177.67410767305
778,279857.95461015217
779,281860.42165871535
780,282054.8087669062
781,277174.9881495395
782,271997.4787970465
783,272922.80320288986
784,271093.91512160597
785,275435.52293946524
786,276360.6537472939
787,282651.83660029585
788,282033.5370037051
789,283747.34864957165
790,287479.9390534656
791,278010.64670282253
792,277588.4751319475
793,271062.4198809153
794,271576.148645672
795,271637.8264386432
796,273002.1345970808
797,272909.60163603665
798,267823.2890818258
799,262516.82615576184
800,262228.81238352816
801,262184.4497895738
802,268340.7449555447
803,262671.9995149441
804,264952.88579528674
805,263609.9589545715
806,261071.0345112531
807,266435.01460945304
808,264223.491383571
809,268133.39254064497
810,266039.6503455401
811,267279.24217345094
812,270678.0025867121
813,271043.3260828137
814,271761.3834843038
815,264879.3001369648
816,265428.76908249105
817,265268.55392393586
818,264304.72435745393
819,265182.8844794838
820,266039.6271410299
821,265597.3456776321
822,264404.02160845825
823,264064.4211748981
824,264717.29669777217
825,265897.3435335333
826,263124.2979104663
827,263311.8137765773
828,265395.3723241092
829,266033.10448786855
830,266106.26202535705
831,265434.4239672279
832,266323.5195533826
833,264799.3121835824
834,264484.20678210945
835,270102.1617406522
836,269203.004887055
837,270126.8907663551
838,269424.2992620838
839,269750.78932613577
840,271061.1150203027
841,271367.8258942463
842,271252.09469102015
843,269551.2180592324
844,271184.859316079
845,270967.1082806316
846,271539.19956889754
847,269933.9303919096
848,269221.9872920824
849,268809.919081297
850,269369.44731378433
851,269467.400814498
852,269142.6306264906
853,268881.96849644167
854,269177.9731844669
855,270716.5624125478
856,272171.98181836243
857,272813.0348523297
858,271736.8832142828
859,273302.2516926932
860,273718.2996391968
861,273448.19664555386
862,274458.7363520257
863,276301.7875811038
864,275746.47604588966
865,275863.5496942307
866,276788.56466892647
867,277330.6581542792
868,278338.2264336891
869,279080.98979334807
870,278729.8189038859
871,279055.64315812464
872,278060.3222709966
873,278822.1341270615
874,279675.18437539396
875,279284.85215167317
876,279007.280253353
877,279819.4903790898
878,278956.4419314383
879,278899.95214188925
880,279160.51071232103
881,278375.3141775895
882,278091.2786786773
883,279090.82990237273
884,278539.5611094986
885,280081.8610290608
886,280908.6246196427
887,280617.3557026868
888,281745.9932573648
889,281064.9443075846
890,281854.5056837208
891,281371.41168513783
892,280395.75898328185
893,282158.65192613733
894,281964.30034539726
895,280666.0425307791
896,279863.2103393283
897,280011.58916893095
898,280522.3975283246
899,278050.16518424294
900,278892.0500010706
901,280560.3811196714
902,281385.6033148191
903,280786.144040553
904,279564.8401585681
905,280596.82369056944
906,280967.6014496527
907,280811.87610409566
908,281250.85802196804
909,280945.70093847165
910,280424.9016845783
911,282007.8251992856
912,281849.0806736342
913,282429.81552232994
914,283843.04308993154
915,284262.65554641996
916,285641.64592068346
917,288294.1982537648
918,287590.91839581466
919,287644.2266471679
920,287500.2175661957
921,288783.8929125769
922,291264.7176167932
923,294484.39508579415
924,295269.79658800695
925,296688.36422147165
926,299618.7855423687
927,300932.4019112543
928,305485.74520747206
929,307735.41246327723
930,311160.3647124707
931,305553.5150070096
932,310799.4822087319
933,304155.4605239765
934,306592.53130101785
935,313080.84462586726
936,307157.50326290727
937,311633.11848994327
938,312845.0722620615
939,311390.95441337494
940,306778.6596315709
941,310519.9391041892
942,304692.645522291
943,292955.26498874
944,296089.4637944003
945,304481.2559306989
946,301773.8546425653
947,300734.5355799664
948,297146.5172780503
949,297524.07878586306
950,297037.3222846405
951,297519.0127901242
952,295205.3003920151
953,296131.0367328096
954,298528.4686467178
955,303403.4396288222
956,304097.6471236923
957,312913.79429974704
958,313058.58694660553
959,317412.8970891729
960,319685.2731661256
961,318019.8750641986
962,316167.98832489765
963,313189.24027919275
964,306803.7662987668
965,310320.6152988141
966,310805.7576479702
967,313657.7088403312
968,313364.87626840005
969,308539.4724960933
970,307752.3886198701
971,310571.68441574124
972,310844.3277839143
973,311066.1592003633
974,308129.5836207616
975,306307.65736761293
976,306802.76967103966
977,315296.8854263525
978,316579.03435114404
979,314078.9951028415
980,312356.66315444116
981,310455.8927481819
982,306924.5798136912
983,308232.4540248687
984,309544.876983088
985,306728.8752794412
986,307686.50040719437
987,308283.7065065264
988,307901.15374945255
989,308886.7630765524
990,310025.67465910956
991,307608.2835892249
992,300870.4211839935
993,297716.52449466765
994,295375.38342056295
995,295704.9977407021
996,295333.4675427159
997,295411.96652728633
998,295469.3688732681
999,296228.23301117955
1000,297475.5655610595
1001,295550.60123102705
1002,296193.557223724
1003,297863.12652415736
1004,295413.257056863
1005,292436.64584376174
1006,293888.18732099043
1007,291251.4804433309
1008,291126.26586743095
1009,291408.7125376915
1010,290461.3450877486
1011,290759.8680781607
1012,290741.7325688754
1013,288144.35766079585
1014,288622.5245148335
1015,294549.6888705074
1016,295637.2633501619
1017,296183.2880495862
1018,297459.26280172623
1019,299919.5657992854
1020,300278.881555344
1021,300008.79406590987
1022,297245.44970412104
1023,298209.8726259169
1024,295192.49487914785
1025,291902.68160708627
1026,291337.144708711
1027,292423.6013936599
1028,293249.4742959965
1029,293952.5038177222
1030,292959.0855213513
1031,292296.0650280101
1032,292346.747920748
1033,291796.0424501973
1034,288230.6594659945
1035,286036.80973344325
1036,285461.0922584896
1037,286973.8174394549
1038,288795.1158101424
1039,290329.3036380666
1040,285592.8128832572
1041,287212.91074477305
1042,286164.71472993103
1043,287896.0299346563
1044,288380.28438901197
1045,286879.0934134783
1046,285807.4986671078
1047,286461.46083212656
1048,285889.22136255604
1049,287334.963987979
1050,283761.0931756364
1051,280611.0122689564
1052,286461.1080879486
1053,286322.15380845795
1054,286960.03877101745
1055,288532.1594630819
1056,289092.175247988
1057,289386.09320648614
1058,289930.9233745189
1059,289447.31793834013
1060,288054.5472073635
1061,287946.52474673523
1062,293060.08464434714
1063,297801.3197909214
1064,301204.46660201915
1065,299761.05031926953
1066,298219.4509860421
1067,301784.3035739461
1068,301303.433452747
1069,307578.8723428876
1070,308526.98030564096
1071,308069.0321969496
1072,309580.2610101041
1073,308717.88971168705
1074,308448.2613128605
1075,306771.3972058866
1076,307505.3729615466
1077,312087.6419113151
1078,315421.99488381227
1079,316195.9712456354
1080,318083.9079437334
1081,316472.34586839215
1082,315994.35192319157
1083,314121.15186869237
1084,317870.49404972635
1085,319878.0255547962
1086,321195.4751107521
1087,322716.71304738434
1088,324998.6261978948
1089,325974.02814520977
1090,325775.6282299765
1091,327376.9166520273
1092,327405.3850786526
1093,324054.8108833131
1094,324473.9452427626
1095,326253.71740448324
1096,325135.01186984376
1097,318958.8152050514
1098,314011.5463673593
1099,310945.27943469805
1100,308466.2697852051
1101,313325.2082318618
1102,313954.2399670889
1103,316194.4191659429
1104,320023.2465274628
1105,323164.07440011494
1106,307505.23712127545
1107,305563.9369761368
1108,298626.0464729578
1109,253845.0818173667
1110,262784.30610346136
1111,251709.278529495
1112,254118.43963389887
1113,246005.65344554867
1114,256891.50516305355
1115,259753.31736553783
1116,265741.04190176586
1117,276621.4745691203
1118,275984.5364959502
1119,281482.1341917947
1120,278119.1275324595
1121,277162.14622233587
1122,272891.2236618594
1123,276937.3321588049
1124,281095.0600593531
1125,281330.101326672
1126,288878.9308536372
1127,286242.6258513946
1128,285832.8539764664
1129,288613.2575774099
1130,285307.2769867031
1131,286123.1984572699
1132,286551.50097285316
1133,292144.7814551983
1134,288203.21780988935
1135,287912.4372938405
1136,288529.6855487626
1137,291749.9920487396
1138,296280.8042475359
1139,297131.14202865894
1140,296321.79456859484
1141,297221.67620229046
1142,304278.5872327908
1143,299631.729636202
1144,302787.2522078285
1145,302960.853974584
1146,303297.1362736376
1147,301479.1511231148
1148,309550.8816755268
1149,306504.516663188
1150,296631.4902884096
1151,299671.2039280278
1152,304704.77479516267
1153,309905.15893950814
1154,307686.0192291202
1155,306541.6693210135
1156,308198.4036287079
1157,307561.64061866264
1158,303181.3206133654
1159,305289.02827056614
1160,299558.54889929085
1161,300818.65148190374
1162,301118.2979959625
1163,302918.2663284198
1164,303846.6688434003
1165,302404.52373226895
1166,299761.3400728886
1167,299315.8398610736
1168,297610.98602976406
1169,300118.8706901841
1170,302038.3842063067
1171,305065.4019550133
1172,301907.3299636268
1173,301924.0789296271
1174,302327.7673279725
1175,301827.0123072095
1176,302174.719894551
1177,303081.4179982459
1178,303897.27949757373
1179,305524.01677570585
1180,305965.87008557766
1181,305040.78241492
1182,306032.7769655011
1183,306197.88400384935
1184,306878.28855034336
1185,307692.8946978651
1186,307399.28176041244
1187,308156.40681587224
1188,309427.8428441939
1189,311153.472435144
1190,311944.62967254524
1191,313137.84644883126
1192,312913.7251439548
1193,312862.65169441653
1194,314497.7948964235
1195,314671.53025152185
1196,313858.6006629735
1197,314806.0819159821
1198,316257.9808577416
1199,317954.5810556002
1200,320590.66894362395
1201,321810.43310252164
1202,322202.2737585741
1203,324694.8858648763
1204,325881.71328074456
1205,327682.645934477
1206,327250.58842626883
1207,328964.9076959178
1208,329146.78890305
1209,333111.4887721713
1210,333749.08870168944
1211,336623.01401878777
1212,333949.98512237583
1213,333279.404923284
1214,324471.1276120851
1215,324132.3740677361
1216,325431.2706119706
1217,324472.92205522384
1218,327553.8439744729
1219,329644.6789627251
1220,324721.64552205167
1221,326775.86432267213
1222,326623.7818188936
1223,327110.86004001676
1224,326354.68604393624
1225,328359.4958974548
1226,325377.25041358307
1227,328007.9202535398
1228,328723.07063534705
1229,331344.1038578843
1230,331864.94725270633
1231,326197.2974524506
1232,323946.2485096024
1233,321046.4803784285
1234,323910.3508786947
1235,322429.07924631034
1236,322741.2729054684
1237,325231.498986994
1238,325388.51501975383
1239,325161.70028920245
1240,323955.7254912134
1241,322542.48611861526
1242,319363.9340229118
1243,319894.4605447756
1244,315081.4148501053
1245,316566.73223596637
1246,317860.3233892961
1247,320306.49936761655
1248,320846.394059576
1249,319953.52069629706
1250,321564.2784238505
1251,320050.4787360076
1252,320518.95880698756
1253,318200.155911555
1254,319232.963613638
1255,321278.78898766567
1256,324181.379735179
1257,326294.56982931134
1258,324575.9374016804
1259,324481.34863121127
1260,324605.9972934594
1261,323072.4482391054
1262,323376.5760209209
1263,324107.3762700408
1264,328286.5578074061
1265,327542.4121834179
1266,328162.05832976464
1267,327868.7122090429
1268,330782.72396358283
1269,324605.86442160734
1270,324942.57319266273
1271,323952.5844723437
1272,326509.3329810287
1273,329671.79254293157
1274,334327.2296465982
1275,343846.18224115163
1276,342748.1928687025
1277,336741.1802424372
1278,336219.9979201486
1279,338334.5158339007
1280,341610.12626623904
1281,343412.1683700526
1282,346336.2437902224
1283,350798.8188124321
1284,350272.09030023066
1285,350989.15830301895
1286,355300.1355860736
1287,352420.97336303827
1288,355083.1828494526
1289,352869.50878120866
1290,345068.5028969827
1291,355842.6918766451
1292,353532.7683871758
1293,355528.2620637229
1294,358038.70659794414
1295,353730.4084340658
1296,357947.77677003294
1297,354788.8809893376
1298,353286.65635487356
1299,352481.8339993135
1300,351853.5250133644
1301,356331.9419375337
1302,359252.62662574707
1303,368005.7093192984
1304,375473.85297643475
1305,376017.0016245317
1306,374383.0131860066
1307,377902.4932665358
1308,375781.66993490007
1309,378869.45110524754
1310,391878.4359685199
1311,392922.07357766596
1312,399192.9141051126
1313,400769.06354325754
1314,411249.60093578964
1315,417793.2637435145
1316,422897.25305564294
1317,430343.1598062884
1318,430691.02944521775
1319,414799.0347265008
1320,410500.9983538005
1321,421267.55557903514
1322,425004.3942587435
1323,416715.7016586407
1324,416585.47461314884
1325,418283.06624287314
1326,402672.0296519472
1327,408723.6117118064
1328,408412.37835286546
1329,408447.1737121047
1330,398600.04616944696
1331,408462.15925889683
1332,408301.64934134565
1333,408714.00121526245
1334,414078.24196960236
1335,418647.1480795877
1336,415735.59357600653
1337,419664.49879447307
1338,442024.59931659163
1339,443071.7726663806
1340,440374.1860014141
1341,446655.98810815334
1342,444788.65417763294
1343,445837.2847261621
1344,452023.689059164
1345,450044.9680706673
1346,458655.58598332066
1347,455092.5705991907
1348,441895.41508730315
1349,444681.1983294129
1350,431619.17433824664
1351,429002.7490369384
1352,438393.5129333707
1353,435100.9215038478
1354,436441.41071102605
1355,428585.9305281102
1356,431788.35271858855
1357,436976.3486951482
1358,447941.0473987906
1359,452051.92108485906
1360,456385.39200660825
1361,455028.7983594494
1362,452336.6261214096
1363,454888.7583148937
1364,462294.2941817842
1365,456139.5171923097
1366,457740.3286956853
1367,447502.8337023929
1368,445968.45975953696
1369,439539.1864686068
1370,436710.48642883886
1371,449940.12094015145
1372,456102.5011291638
1373,456941.12274528085
1374,459440.08519446047
1375,463285.14001797483
1376,465560.3029236301
1377,463911.8750039576
1378,457356.1755943455
1379,466141.48736926354
1380,466221.047181568
1381,469604.5365688459
1382,480334.6704206913
1383,478093.96480062645
1384,482867.091231759
1385,479886.15488253563
1386,462690.48739951977
1387,464163.26667268213
1388,459948.66380293865
1389,451322.91559556813
1390,450411.8508374806
1391,459488.055077043
1392,461909.9132952488
1393,461734.11627292354
1394,458468.17939116684
1395,468470.13466659567
1396,469326.2144653935
1397,456257.22885154904
1398,468172.1334999261
1399,469177.25790955365
1400,474351.5796503729
1401,469075.9184710305
1402,470048.4046708659
1403,442719.0269754824
1404,446774.74850250577
1405,450887.0533309462
1406,431801.97346672445
1407,428744.73697127943
1408,407300.79307318595
1409,422578.97353359824
1410,409971.41181330936
1411,416637.1336823084
1412,416488.82488410093
1413,419709.729433549
1414,416752.44802218315
1415,407252.4396090333
1416,410470.6168876856
1417,414633.8469662205
1418,417268.9646922042
1419,411564.8441010628
1420,398988.10785783303
1421,398255.07974284765
1422,412334.9433440991
1423,411176.0329353855
1424,412190.60652110033
1425,421914.1347196585
1426,421778.7995696074
1427,411242.4677624656
1428,405863.5327928198
1429,394966.57756111346
1430,382377.31416160666
1431,385814.023458053
1432,390302.17710864136
1433,394565.83348351036
1434,383458.53918302176
1435,394534.88628340955
1436,398580.46244877845
1437,396236.50561235775
1438,391764.14424318203
1439,394869.9605092445
1440,396587.97951549763
1441,394811.62871559855
1442,387410.2557699384
1443,394816.68226784636
1444,391735.6267824228
1445,388367.3193352594
1446,389370.0169808621
1447,382425.45983429404
1448,378746.2965028389
1449,372254.92326663627
1450,368698.092765778
1451,383906.4979689714
1452,385514.265399861
1453,394909.09294538584
1454,416327.7941455951
1455,426605.8830454284
1456,429682.7739124449
1457,430639.14809157763
1458,441255.29195011395
1459,424347.2321319997
1460,420311.6913907497
1461,427879.8834000065
1462,435186.1435263717
1463,445671.8050940526
1464,463234.8875002501
1465,459591.3308699358
1466,460205.0154147023
1467,454935.82230710925
1468,471956.7240275769
1469,463509.7929367937
1470,455295.04518963216
1471,453328.0855308585
1472,463172.7472042615
1473,477652.3706117127
1474,480743.80231929914
1475,472028.23436998477
1476,478649.896211657
1477,467156.7516905651
1478,479536.5956407401
1479,470590.33941902395
1480,470799.3043752351
1481,479164.7679295492
1482,482246.9333275155
1483,485574.6957341733
1484,468581.7036349134
1485,464665.82598363474
1486,465176.7167414158
1487,455652.00050267106
1488,456635.81637039676
1489,465965.02607621544
1490,473204.4126759941
1491,470891.0884209514
1492,466030.83234451705
1493,439216.0489467631
1494,427701.2897481887
1495,444404.55242929066
1496,453722.1749928388
1497,443464.35121551034
1498,439680.49693200144
1499,428862.15681372676
1500,431973.7267880955
1501,440588.3948136563
1502,463944.505438545
1503,465686.0562897739
1504,479214.00832738576
1505,497462.80899927934
1506,492515.49359912024
1507,492805.6541323422
1508,506571.1391858639
1509,499504.41173433943
1510,506390.0806626068
1511,510262.28315492574
1512,530538.7017727044
1513,533177.4466836918
1514,544667.0622077982
1515,552972.6560182922
1516,537372.5046820013
1517,530456.7975223407
1518,541940.8873113845
1519,530430.7331839243
1520,520855.4592077035
1521,532714.5168835145
1522,540218.2646715497
1523,535318.5687204198
1524,545974.2516661083
1525,546526.7793116115
1526,541144.126351581
1527,540639.6705497506
1528,567952.3783180156
1529,564500.3502201393
1530,553764.8047071318
1531,553661.4596231417
1532,552337.651234623
1533,549845.7065656226
1534,535832.1669475221
1535,536099.7802568828
1536,521348.1854151553
1537,526216.7895621135
1538,517056.0253670604
1539,523210.6800067994
1540,517985.7643965612
1541,499359.58610986907
1542,521408.69132910314
1543,512647.6388268037
1544,510791.70579367486
1545,511295.601926656
1546,495682.9483542768
1547,484248.8910638811
1548,489767.69771521376
1549,489470.2384123202
1550,473685.76681854064
1551,473764.7603090921
1552,469107.1357586168
1553,466860.4480431422
1554,481646.5884519429
1555,473371.5115579945
1556,463459.0672605383
1557,464358.36372575903
1558,478412.5638356589
1559,479281.6676682633
1560,491164.1687636018
1561,493917.3995010682
1562,478366.6941779338
1563,472851.6974306086
1564,475901.4397916137
1565,470863.424158818
1566,472992.4803996324
1567,470042.4606088115
1568,453248.9525738168
1569,450903.37911994004
1570,441477.39407258795
1571,442596.97716810193
1572,449390.96150450024
1573,456287.69306235854
1574,445964.15571293834
1575,448699.8387366307
1576,440890.03799141967
1577,435280.2129200483
1578,427239.1749468756
1579,399590.2376127269
1580,401513.7099421772
1581,397620.0922716995
1582,396605.4475792762
1583,395445.4360147628
1584,404686.5912226339
1585,411941.1768491925
1586,414715.47162579634
1587,414951.8239811584
1588,407018.27834904834
1589,415812.0696879052
1590,418329.64233509207
1591,421632.6143916747
1592,427116.15152543184
1593,419408.83899955946
1594,410586.93371370464
1595,409733.1389346554
1596,418226.7003359717
1597,417695.1297452557
1598,404708.4899274164
1599,401685.96790336684
1600,395185.4623877517
1601,392145.05049006507
1602,393805.0007832769
1603,397445.29514299583
1604,398985.45976316324
1605,399514.7046910634
1606,401066.45580792846
1607,401255.9226627142
1608,402789.8695460514
1609,399734.9236412346
1610,403608.5222997567
1611,402861.1075609108
1612,402577.2180493224
1613,398581.75831031817
1614,394093.0306576168
1615,394658.4520214291
1616,400217.85012062854
1617,403681.7292813954
1618,404098.4514573714
1619,405577.3161875231
1620,406460.6674445802
1621,406583.6790984911
1622,411095.94164658856
1623,411253.78231091175
1624,408933.5922338308
1625,411538.79411936936
1626,411911.7311289716
1627,408796.9536569623
1628,408070.0674545796
1629,410797.0513272181
1630,406895.21390086913
1631,405326.82814374054
1632,407111.0720329833
1633,407837.51721258275
1634,405330.81841736473
1635,406128.37483569037
1636,409411.03329733305
1637,406168.6774720308
1638,406880.1918940217
1639,407040.00143754715
1640,407882.8196625904
1641,404083.31574892264
1642,396488.0934397781
1643,394039.05740161455
1644,388549.17282809643
1645,387620.98375076486
1646,393499.1127884267
1647,386068.16010736173
1648,383614.0671600405
1649,384998.8068883838
1650,392655.11823156266
1651,384800.3625567483
1652,383966.8657919479
1653,374919.3282894866
1654,373762.1349654952
1655,372289.53264702833
1656,369218.67733805795
1657,372077.17148633493
1658,373086.8761321135
1659,375710.17347510054
1660,368080.3481307332
1661,373674.4185320213
1662,371338.3683044183
1663,371625.444057334
1664,375185.65995748364
1665,375518.24125202606
1666,375834.12132908875
1667,376314.59750593494
1668,382702.1414642948
1669,376228.40492998436
1670,381288.4080038762
1671,376115.389059082
1672,379367.7857960076
1673,381255.3664293175
1674,376353.38964797655
1675,373782.217861182
1676,368449.75698927185
1677,335788.1367037255
1678,332740.6245654894
1679,337894.4219297475
1680,328038.0076024352
1681,324841.46586355043
1682,323625.32911513204
1683,324912.4738891624
1684,322914.8735630502
1685,322592.294199027
1686,322231.7345848145
1687,321700.2518108495
1688,321453.6197637021
1689,319494.17103348515
1690,319228.5436823779
1691,312384.98611065425
1692,307396.5047734121
1693,307567.0788760497
1694,307699.77507439733
1695,306045.91139156296
1696,304906.3038684289
1697,306362.617469709
1698,302028.6129734867
1699,301421.3917512558
1700,301705.616989138
1701,306000.8949593417
1702,305447.2189764436
1703,308377.91941656714
1704,307625.5390988528
1705,302027.80339298886
1706,300665.1555395809
1707,308687.6480221956
1708,314210.3326032777
1709,315224.58473073714
1710,315671.11179903045
1711,311845.00475319783
1712,314016.34161476523
1713,314480.63029622263
1714,313818.88299437385
1715,317378.7482668863
1716,314816.76244308474
1717,318356.4990960417
1718,316301.9710679736
1719,320607.5493265011
1720,318951.7552639019
1721,318456.5040604639
1722,314691.7717232712
1723,314413.8379817958
1724,303162.7892882712
1725,302677.4566681536
1726,303059.1718965587
1727,302498.0983474539
1728,305560.4681457528
1729,297674.0183401962
1730,296747.42655572516
1731,293636.49354440573
1732,292733.2763928587
1733,291246.0496505571
1734,290951.6906253324
1735,284181.349987393
1736,288966.9316665733
1737,288405.65474357543
1738,297329.2100045427
1739,301248.42900276894
1740,289762.50982869486
1741,289808.9189368081
1742,285609.81848453695
1743,285118.64758579235
1744,285062.02976023086
1745,280694.2730553903
1746,279662.9941972644
1747,280414.46926863707
1748,277874.12441300834
1749,274759.7711350716
1750,272490.0969310449
1751,278580.34710923233
1752,277257.82582417637
1753,274779.3027953019
1754,279977.0264469764
1755,285411.9578187324
1756,283543.1914288157
1757,281607.6898161872
1758,276696.69549891463
1759,272573.4075569092
1760,271979.6167585905
1761,272827.9218056803
1762,274273.13053277525
1763,270563.4086461342
1764,273418.80411038175
1765,273763.61584881716
1766,270402.86719778075
1767,268257.3593498151
1768,270249.5591668176
1769,270898.3585314274
1770,276645.7818963287
1771,279834.31200278987
1772,278428.4488260673
1773,279924.56519470585
1774,278003.9501071255
1775,279015.6148344426
1776,275333.05969027826
1777,274157.79802961776
1778,279155.2600695065
1779,277022.6613593415
1780,272428.52542828507
1781,260342.56224401543
1782,274874.68619514996
1783,273543.42835250765
1784,271249.5939315818
1785,274230.53695508157
1786,274151.71449630416
1787,272788.97151119413
1788,272197.45714555803
1789,268038.7494348218
1790,271644.3099319851
1791,275410.26787410176
1792,274850.786568593
1793,272115.3686913994
1794,272479.6407834953
1795,278889.9101228625
1796,281478.4290701455
1797,282535.23101665406
1798,278562.04932703037
1799,279101.3939392424
1800,280242.9072398303
1801,282240.6912444647
1802,279689.41814069846
1803,280631.9701298483
1804,285329.2164667707
1805,285139.54601585225
1806,280648.98360997817
1807,276675.7957968485
1808,273850.4572056553
1809,275760.4294117619
1810,276479.5014615656
1811,274685.1705626002
1812,274134.05546360934
1813,272743.63342025934
1814,270505.3488908137
1815,273218.43925475323
1816,272429.6305636455
1817,274313.79351540847
1818,277166.62201784464
1819,275683.1356475909
1820,280249.71241164097
1821,280456.8834149223
1822,281485.96511213854
1823,281292.5758416155
1824,284527.8914357737
1825,287922.4041282976
1826,286031.7353769731
1827,285209.1413311467
1828,289699.45448049164
1829,288731.574275007
1830,289278.61603054515
1831,290323.48578862904
1832,291657.0558868538
1833,289003.9931020708
1834,288601.1326404847
1835,287859.4234204112
1836,288904.2427354309
1837,292520.78491181496
1838,286386.5409738138
1839,279148.2653746112
1840,279727.012079564
1841,279984.3615953322
1842,280675.5155227726
1843,278445.8608135557
1844,278976.40541287756
1845,277556.66720213176
1846,277765.7936565837
1847,274984.06732682517
1848,274758.69790982205
1849,275578.12151001114
1850,274546.3557387308
1851,272997.26172370376
1852,272852.4116008372
1853,270882.2310355417
1854,271942.1039244604
1855,273178.24989447853
1856,274750.5425007122
1857,274589.6114494175
1858,277518.38453506614
1859,276115.0868215406
1860,271245.77838175633
1861,269437.4258942578
1862,264668.83179606014
1863,266788.46145732584
1864,280443.53027611104
1865,281595.1177169042
1866,281986.29277054576
1867,284731.80784483365
1868,293435.41438042227
1869,294429.79401111515
1870,294427.381991154
1871,293074.8071060303
1872,296889.35747106356
1873,294612.59922206216
1874,291361.53924825107
1875,292267.80493910896
1876,295650.7766880411
1877,296261.17884212383
1878,299178.3331293339
1879,298520.8535918128
1880,300862.0541304396
1881,300170.9601749671
1882,298021.8380457069
1883,295808.3101898132
1884,297672.0993429971
1885,299122.72850042826
1886,303138.49617483455
1887,297721.70916667214
1888,296392.76795042015
1889,297540.7771075879
1890,296115.5645680887
1891,297279.45406632964
1892,294325.4247250499
1893,295218.6217491809
1894,296716.39173117466
1895,295098.62788506097
1896,295114.59240486147
1897,295194.45510385593
1898,293865.64663710375
1899,299482.2483449297
1900,302010.8759148442
1901,304127.4700859238
1902,299330.87137762614
1903,299697.89698595717
1904,301814.11583245796
1905,301382.68340681016
1906,298784.82508912345
1907,298273.44168477855
1908,298911.4404633235
1909,295151.68204919697
1910,294128.12696731417
1911,290287.46235417464
1912,293146.8393325583
1913,292459.63175741804
1914,292810.5864881669
1915,290438.4763597535
1916,287631.5107467378
1917,288778.47195668856
1918,290560.660146556
1919,291007.25735611643
1920,293296.6415334688
1921,291270.47747695126
1922,292345.2544023482
1923,292758.07245839544
1924,289957.3143889835
1925,293162.36468835955
1926,292757.8014172211
1927,293347.4134413757
1928,292374.2525129447
1929,292590.472339021
1930,295094.402767003
1931,294478.6093092433
1932,291861.9566462324
1933,291125.12271848577
1934,289376.9579021296
1935,289300.02467262914
1936,289310.2547322497
1937,289288.060722657
1938,288857.4746272003
1939,288969.87727997254
1940,291318.43871408165
1941,293459.14166246576
1942,290930.04874695576
1943,287936.7299784204
1944,289790.6594658932
1945,290340.11743242445
1946,291971.3336593088
1947,293328.7650670221
1948,297599.55808427493
1949,293555.15502241295
1950,293355.5055674992
1951,294250.27498680225
1952,294672.4227356641
1953,293118.86182495666
1954,293201.0542821592
1955,290796.1869866823
1956,291766.20524944516
1957,292678.1352026997
1958,290003.4387352537
1959,292072.30664831505
1960,292223.0389372225
1961,291873.6124487741
1962,288500.56019352115
1963,288225.1724246365
1964,287860.6531407574
1965,288816.9035651261
1966,289140.9273046532
1967,287397.0136635159
1968,286990.7041493739
1969,286848.5449807017
1970,287137.52161984186
1971,285004.15160339605
1972,282424.47557860764
1973,276113.7729096521
1974,274523.91087896604
1975,275665.77937528194
1976,275305.432102313
1977,278551.68061197037
1978,276351.0626796912
1979,276627.0682160947
1980,277730.69256654574
1981,284399.0857156758
1982,283999.2745243519
1983,280039.76684203255
1984,279936.2919696195
1985,278563.07274878706
1986,277309.80820773775
1987,278392.6982172987
1988,277696.87729673524
1989,276563.9220325813
1990,277264.77149230574
1991,278191.658210831
1992,279958.4383813812
1993,279556.748626034
1994,280614.16596678545
1995,281477.07504527894
1996,280373.36457114643
1997,276386.0475477486
1998,276515.04803982395
1999,275683.36696036515
2000,273107.7114906242
2001,272434.2797540671
2002,274780.32034556847
2003,273238.7109142381
2004,274312.61540609814
2005,272480.46191872045
2006,274343.78085010353
2007,272871.28735120007
2008,276156.16622925503
2009,277217.4308622579
2010,276894.28170775727
2011,276182.019165703
2012,274937.8576728664
2013,277741.0256815158
2014,283800.4069965843
2015,283626.65964483854
2016,283425.44062757725
2017,285040.80833255954
2018,287259.2684142886
2019,297162.7154878815
2020,300307.14539891
2021,301040.37491169636
2022,298977.8997426016
2023,298954.63359894534
2024,301301.6180408114
2025,301861.26193885354
2026,304820.0498056693
2027,305645.10447417764
2028,306338.20724515524
2029,306666.93425200786
2030,307711.09737850196
2031,307369.5396991123
2032,309914.336914022
2033,312114.0142151657
2034,310304.8566851647
2035,310440.3866793186
2036,316992.9494744936
2037,313380.8674113367
2038,314768.40190846036
2039,317895.31350020337
2040,313992.143503879
2041,318574.6919929451
2042,320004.6859404357
2043,319202.38714078546
2044,322351.92047989473
2045,322512.9866795026
2046,322071.77376831794
2047,327286.45460088254
2048,333235.775974831
2049,338216.70961442613
2050,337318.37795047637
2051,337186.0534412799
2052,338405.0414363159
2053,329867.12412282254
2054,330857.1339943196
2055,338595.93107702804
2056,339967.36884869245
2057,335817.68012217496
2058,338790.28675590176
2059,339302.61711942276
2060,340744.61200675234
2061,343179.75371391216
2062,344250.79528368934
2063,341685.85214279307
2064,344851.72297101875
2065,342047.71604074107
2066,340116.0904016369
2067,346660.5844261614
2068,339191.56207513873
2069,342400.90080998064
2070,342530.6761377379
2071,350290.98134166916
2072,348067.30192296364
2073,349676.6351658513
2074,349205.3146585958
2075,341243.00663899904
2076,340538.4511295757
2077,337558.61766598123
2078,335510.6253985972
2079,338191.6376264823
2080,332134.80903827376
2081,333831.7297506094
2082,333676.51785254444
2083,334322.19228004286
2084,339237.9011185492
2085,344835.6730484841
2086,344010.60888890806
2087,341046.8310365961
2088,345010.3805132263
2089,345415.92490203603
2090,342945.08546024107
2091,345008.1307266963
2092,349179.18814818724
2093,351679.9013835851
2094,356581.3902997151
2095,363101.8451656965
2096,359218.8360796434
2097,365145.6074944173
2098,367060.5992962535
2099,367418.10230127664
2100,367774.80176678207
2101,366842.84111918526
2102,368133.2073429645
2103,367531.0662695797
2104,375636.0469927548
2105,381487.08057496534
2106,393081.6948242001
2107,391457.36577436567
2108,397743.40663956566
2109,411679.1868130174
2110,401713.0730818337
2111,408239.0332928308
2112,412029.31118594104
2113,415150.85361089435
2114,422823.8825848866
2115,421520.06070670724
2116,425395.39453029627
2117,421210.2026823378
2118,415818.8915003096
2119,413106.7148244668
2120,401714.7082611079
2121,416920.8200986723
2122,412187.5642005995
2123,407179.5613104372
2124,419789.80196746095
2125,420040.9522287093
2126,421153.46220379183
2127,425508.7147876852
2128,424595.98689633864
2129,416853.49742912466
2130,419348.46239145135
2131,422083.5162130331
2132,424547.9832135299
2133,433206.5194598928
2134,429051.25832712045
2135,429218.1195173892
2136,431974.77830347524
2137,422042.8303659727
2138,414756.1458587293
2139,415510.6908399241
2140,408049.38046880334
2141,413107.9727238108
2142,413046.7097808046
2143,417175.1607357112
2144,417574.90578582603
2145,412711.16026527644
2146,413443.1557224042
2147,413627.4285796962
2148,414019.9301032281
2149,401930.38553968107
2150,397332.15605734836
2151,400117.8017523302
2152,409891.1177473626
2153,413314.35238379054
2154,411014.9584844994
2155,408080.4766852331
2156,415069.2809000766
2157,411321.3050168241
2158,414470.2499961482
2159,413272.450954825
2160,426892.2903764913
2161,423802.11689247645
2162,430204.7176788762
2163,440052.6038926182
2164,437478.27872956643
2165,432229.3763707518
2166,425762.681656356
2167,428070.98040043074
2168,429183.4988273524
2169,425328.6830163856
2170,426295.0593976945
2171,424920.2630843134
2172,429023.0137450482
2173,431511.3491801724
2174,435950.60520996863
2175,436350.7783472493
2176,427951.50909155124
2177,430042.1405230805
2178,426227.7784542283
2179,429673.08629704075
2180,425638.4407008929
2181,425958.67470698763
2182,427372.1826115571
2183,425382.21451035223
2184,426074.77607817564
2185,422052.8320642433
2186,413508.51044722233
2187,416801.41106761125
2188,413435.48247178906
2189,416992.79095901106
2190,413528.4624153848
2191,419838.02775304415
2192,418925.65664302645
2193,416872.8443511291
2194,411178.07821375574
2195,409728.97568383423
2196,413198.60933402146
2197,414423.25842018815
2198,414700.7989852581
2199,416813.6093464188
2200,433437.20011917193
2201,437646.7086240422
2202,432698.70231633657
2203,430336.7519117968
2204,432791.9725327697
2205,436197.3923685643
2206,432869.1052682825
2207,427833.96110742626
2208,425721.1972519297
2209,433321.2810764807
2210,430861.3350062574
2211,430222.4225730029
2212,431640.5813457143
2213,430726.75118359196
2214,418821.87268883345
2215,394926.86596328806
2216,399966.50399356097
2217,396564.36308065255
2218,416793.94418798876
2219,415864.5747386102
2220,414775.87381596054
2221,418985.0892243006
2222,415825.2312814068
2223,414970.8328391742
2224,420239.62761722086
2225,422614.9956886164
2226,422811.52494674904
2227,426901.3463989814
2228,422316.9965477783
2229,431634.28617990256
2230,429382.86003857694
2231,423709.4903292301
2232,421364.2867240254
2233,422214.19620441395
2234,420851.8975718374
2235,416866.4796310951
2236,419027.29721831577
2237,416907.4373032035
2238,410165.7584705869
2239,417856.36616704153
2240,420644.6266020418
2241,420908.15058076894
2242,424559.20698198705
2243,430820.09646640916
2244,427637.20734850114
2245,430388.1821519236
2246,430260.2108308891
2247,435610.87281550694
2248,436816.293599063
2249,437304.53801892005
2250,440776.8945151256
2251,437457.4518191993
2252,442175.7548980862
2253,442737.137619662
2254,437541.76500980824
2255,434093.79291739117
2256,432878.3508868143
2257,431806.84834157093
2258,433530.98387502076
2259,431654.1081762861
2260,431871.6763663294
2261,428684.40313725086
2262,428314.57114793116
2263,433471.02955337806
2264,440333.59695270984
2265,442832.4038998316
2266,445270.41527821455
2267,443815.7936663592
2268,447161.33688977454
2269,443254.5111948077
2270,444482.0994213812
2271,440270.047343918
2272,444882.2675923094
2273,441940.4650770433
2274,447270.75635700254
2275,453244.2594780694
2276,453259.9226602092
2277,446053.4582366462
2278,443311.57597089995
2279,442239.72389983444
2280,446898.83389784925
2281,452775.742859906
2282,457259.2238872405
2283,459380.374628248
2284,473129.1294736041
2285,468950.2625655607
2286,470153.9616857305
2287,465359.96795931424
2288,468323.91308431624
2289,470541.593627388
2290,474935.3003793833
2291,477800.8540535964
2292,484500.663615036
2293,487098.71509207535
2294,479505.5939815711
2295,478448.84936086356
2296,484240.35691922513
2297,489149.20930528024
2298,486567.0014994159
2299,485987.34532947995
2300,491857.59862002183
2301,488252.1405698079
2302,492843.3531369078
2303,489175.75021166116
2304,488863.3961955237
2305,495360.77408869966
2306,489987.0969981586
2307,488937.29485181253
2308,495504.44717275526
2309,494947.1164393101
2310,479926.6521025327
2311,475130.9534792583
2312,478778.96913526196
2313,474006.86253142357
2314,480943.6236309223
2315,478129.988040563
2316,473004.6980921454
2317,470289.81660383445
2318,470954.12430011673
