,BTC-USD,GLD,SPY,TLT
0,0.0,0.0,0.5,0.5
1,0.0,0.0,0.5,0.5
2,0.0,0.0,0.5,0.5
3,0.0,0.0,0.5,0.5
4,0.0,0.0,0.5,0.5
5,0.0,0.0,0.5,0.5
6,0.0,0.0,0.5,0.5
7,0.0,0.0,0.5,0.5
8,0.0,0.0,0.5,0.5
9,0.0,0.0,0.5,0.5
10,0.0,0.0,0.5,0.5
11,0.0,0.0,0.5,0.5
12,0.0,0.0,0.5,0.5
13,0.0,0.0,0.5,0.5
14,0.0,0.0,0.5,0.5
15,0.0,0.0,0.5,0.5
16,0.0,0.0,0.5,0.5
17,0.0,0.0,0.5,0.5
18,0.0,0.0,0.5,0.5
19,0.0,0.0,0.5,0.5
20,0.0,0.0,0.8660908359665602,0.13390916403343978
21,0.0,0.0,0.8660908359665602,0.13390916403343978
22,0.0,0.0,0.8660908359665602,0.13390916403343978
23,0.0,0.0,0.8660908359665602,0.13390916403343978
24,0.0,0.0,0.8660908359665602,0.13390916403343978
25,0.0,0.0,0.8660908359665602,0.13390916403343978
26,0.0,0.0,0.8660908359665602,0.13390916403343978
27,0.0,0.0,0.8660908359665602,0.13390916403343978
28,0.0,0.0,0.8660908359665602,0.13390916403343978
29,0.0,0.0,0.8660908359665602,0.13390916403343978
30,0.0,0.0,0.8660908359665602,0.13390916403343978
31,0.0,0.0,0.8660908359665602,0.13390916403343978
32,0.0,0.0,0.8660908359665602,0.13390916403343978
33,0.0,0.0,0.8660908359665602,0.13390916403343978
34,0.0,0.0,0.8660908359665602,0.13390916403343978
35,0.0,0.0,0.8660908359665602,0.13390916403343978
36,0.0,0.0,0.8660908359665602,0.13390916403343978
37,0.0,0.0,0.8660908359665602,0.13390916403343978
38,0.0,0.0,0.8660908359665602,0.13390916403343978
39,0.0,0.0,0.8660908359665602,0.13390916403343978
40,0.383705242307871,0.0,0.616294757692129,0.0
41,0.383705242307871,0.0,0.616294757692129,0.0
42,0.383705242307871,0.0,0.616294757692129,0.0
43,0.383705242307871,0.0,0.616294757692129,0.0
44,0.383705242307871,0.0,0.616294757692129,0.0
45,0.383705242307871,0.0,0.616294757692129,0.0
46,0.383705242307871,0.0,0.616294757692129,0.0
47,0.383705242307871,0.0,0.616294757692129,0.0
48,0.383705242307871,0.0,0.616294757692129,0.0
49,0.383705242307871,0.0,0.616294757692129,0.0
50,0.383705242307871,0.0,0.616294757692129,0.0
51,0.383705242307871,0.0,0.616294757692129,0.0
52,0.383705242307871,0.0,0.616294757692129,0.0
53,0.383705242307871,0.0,0.616294757692129,0.0
54,0.383705242307871,0.0,0.616294757692129,0.0
55,0.383705242307871,0.0,0.616294757692129,0.0
56,0.383705242307871,0.0,0.616294757692129,0.0
57,0.383705242307871,0.0,0.616294757692129,0.0
58,0.383705242307871,0.0,0.616294757692129,0.0
59,0.383705242307871,0.0,0.616294757692129,0.0
60,1.0,0.0,0.0,0.0
61,1.0,0.0,0.0,0.0
62,1.0,0.0,0.0,0.0
63,1.0,0.0,0.0,0.0
64,1.0,0.0,0.0,0.0
65,1.0,0.0,0.0,0.0
66,1.0,0.0,0.0,0.0
67,1.0,0.0,0.0,0.0
68,1.0,0.0,0.0,0.0
69,1.0,0.0,0.0,0.0
70,1.0,0.0,0.0,0.0
71,1.0,0.0,0.0,0.0
72,1.0,0.0,0.0,0.0
73,1.0,0.0,0.0,0.0
74,1.0,0.0,0.0,0.0
75,1.0,0.0,0.0,0.0
76,1.0,0.0,0.0,0.0
77,1.0,0.0,0.0,0.0
78,1.0,0.0,0.0,0.0
79,1.0,0.0,0.0,0.0
80,0.6605105288535261,0.0,0.0,0.33948947114647393
81,0.6605105288535261,0.0,0.0,0.33948947114647393
82,0.6605105288535261,0.0,0.0,0.33948947114647393
83,0.6605105288535261,0.0,0.0,0.33948947114647393
84,0.6605105288535261,0.0,0.0,0.33948947114647393
85,0.6605105288535261,0.0,0.0,0.33948947114647393
86,0.6605105288535261,0.0,0.0,0.33948947114647393
87,0.6605105288535261,0.0,0.0,0.33948947114647393
88,0.6605105288535261,0.0,0.0,0.33948947114647393
89,0.6605105288535261,0.0,0.0,0.33948947114647393
90,0.6605105288535261,0.0,0.0,0.33948947114647393
91,0.6605105288535261,0.0,0.0,0.33948947114647393
92,0.6605105288535261,0.0,0.0,0.33948947114647393
93,0.6605105288535261,0.0,0.0,0.33948947114647393
94,0.6605105288535261,0.0,0.0,0.33948947114647393
95,0.6605105288535261,0.0,0.0,0.33948947114647393
96,0.6605105288535261,0.0,0.0,0.33948947114647393
97,0.6605105288535261,0.0,0.0,0.33948947114647393
98,0.6605105288535261,0.0,0.0,0.33948947114647393
99,0.6605105288535261,0.0,0.0,0.33948947114647393
100,0.3333333333333333,0.3333333333333333,0.0,0.3333333333333333
101,0.3333333333333333,0.3333333333333333,0.0,0.3333333333333333
102,0.3333333333333333,0.3333333333333333,0.0,0.3333333333333333
103,0.3333333333333333,0.3333333333333333,0.0,0.3333333333333333
104,0.3333333333333333,0.3333333333333333,0.0,0.3333333333333333
105,0.3333333333333333,0.3333333333333333,0.0,0.3333333333333333
106,0.3333333333333333,0.3333333333333333,0.0,0.3333333333333333
107,0.3333333333333333,0.3333333333333333,0.0,0.3333333333333333
108,0.3333333333333333,0.3333333333333333,0.0,0.3333333333333333
109,0.3333333333333333,0.3333333333333333,0.0,0.3333333333333333
110,0.3333333333333333,0.3333333333333333,0.0,0.3333333333333333
111,0.3333333333333333,0.3333333333333333,0.0,0.3333333333333333
112,0.3333333333333333,0.3333333333333333,0.0,0.3333333333333333
113,0.3333333333333333,0.3333333333333333,0.0,0.3333333333333333
114,0.3333333333333333,0.3333333333333333,0.0,0.3333333333333333
115,0.3333333333333333,0.3333333333333333,0.0,0.3333333333333333
116,0.3333333333333333,0.3333333333333333,0.0,0.3333333333333333
117,0.3333333333333333,0.3333333333333333,0.0,0.3333333333333333
118,0.3333333333333333,0.3333333333333333,0.0,0.3333333333333333
119,0.3333333333333333,0.3333333333333333,0.0,0.3333333333333333
120,0.4685903296471448,0.1383224090752714,0.0,0.39308726127758387
121,0.4685903296471448,0.1383224090752714,0.0,0.39308726127758387
122,0.4685903296471448,0.1383224090752714,0.0,0.39308726127758387
123,0.4685903296471448,0.1383224090752714,0.0,0.39308726127758387
124,0.4685903296471448,0.1383224090752714,0.0,0.39308726127758387
125,0.4685903296471448,0.1383224090752714,0.0,0.39308726127758387
126,0.4685903296471448,0.1383224090752714,0.0,0.39308726127758387
127,0.4685903296471448,0.1383224090752714,0.0,0.39308726127758387
128,0.4685903296471448,0.1383224090752714,0.0,0.39308726127758387
129,0.4685903296471448,0.1383224090752714,0.0,0.39308726127758387
130,0.4685903296471448,0.1383224090752714,0.0,0.39308726127758387
131,0.4685903296471448,0.1383224090752714,0.0,0.39308726127758387
132,0.4685903296471448,0.1383224090752714,0.0,0.39308726127758387
133,0.4685903296471448,0.1383224090752714,0.0,0.39308726127758387
134,0.4685903296471448,0.1383224090752714,0.0,0.39308726127758387
135,0.4685903296471448,0.1383224090752714,0.0,0.39308726127758387
136,0.4685903296471448,0.1383224090752714,0.0,0.39308726127758387
137,0.4685903296471448,0.1383224090752714,0.0,0.39308726127758387
138,0.4685903296471448,0.1383224090752714,0.0,0.39308726127758387
139,0.4685903296471448,0.1383224090752714,0.0,0.39308726127758387
140,0.3333333333333333,0.3333333333333333,0.0,0.3333333333333333
141,0.3333333333333333,0.3333333333333333,0.0,0.3333333333333333
142,0.3333333333333333,0.3333333333333333,0.0,0.3333333333333333
143,0.3333333333333333,0.3333333333333333,0.0,0.3333333333333333
144,0.3333333333333333,0.3333333333333333,0.0,0.3333333333333333
145,0.3333333333333333,0.3333333333333333,0.0,0.3333333333333333
146,0.3333333333333333,0.3333333333333333,0.0,0.3333333333333333
147,0.3333333333333333,0.3333333333333333,0.0,0.3333333333333333
148,0.3333333333333333,0.3333333333333333,0.0,0.3333333333333333
149,0.3333333333333333,0.3333333333333333,0.0,0.3333333333333333
150,0.3333333333333333,0.3333333333333333,0.0,0.3333333333333333
151,0.3333333333333333,0.3333333333333333,0.0,0.3333333333333333
152,0.3333333333333333,0.3333333333333333,0.0,0.3333333333333333
153,0.3333333333333333,0.3333333333333333,0.0,0.3333333333333333
154,0.3333333333333333,0.3333333333333333,0.0,0.3333333333333333
155,0.3333333333333333,0.3333333333333333,0.0,0.3333333333333333
156,0.3333333333333333,0.3333333333333333,0.0,0.3333333333333333
157,0.3333333333333333,0.3333333333333333,0.0,0.3333333333333333
158,0.3333333333333333,0.3333333333333333,0.0,0.3333333333333333
159,0.3333333333333333,0.3333333333333333,0.0,0.3333333333333333
160,0.32615661079860864,0.32615661079860864,0.02153016760417419,0.32615661079860864
161,0.32615661079860864,0.32615661079860864,0.02153016760417419,0.32615661079860864
162,0.32615661079860864,0.32615661079860864,0.02153016760417419,0.32615661079860864
163,0.32615661079860864,0.32615661079860864,0.02153016760417419,0.32615661079860864
164,0.32615661079860864,0.32615661079860864,0.02153016760417419,0.32615661079860864
165,0.32615661079860864,0.32615661079860864,0.02153016760417419,0.32615661079860864
166,0.32615661079860864,0.32615661079860864,0.02153016760417419,0.32615661079860864
167,0.32615661079860864,0.32615661079860864,0.02153016760417419,0.32615661079860864
168,0.32615661079860864,0.32615661079860864,0.02153016760417419,0.32615661079860864
169,0.32615661079860864,0.32615661079860864,0.02153016760417419,0.32615661079860864
170,0.32615661079860864,0.32615661079860864,0.02153016760417419,0.32615661079860864
171,0.32615661079860864,0.32615661079860864,0.02153016760417419,0.32615661079860864
172,0.32615661079860864,0.32615661079860864,0.02153016760417419,0.32615661079860864
173,0.32615661079860864,0.32615661079860864,0.02153016760417419,0.32615661079860864
174,0.32615661079860864,0.32615661079860864,0.02153016760417419,0.32615661079860864
175,0.32615661079860864,0.32615661079860864,0.02153016760417419,0.32615661079860864
176,0.32615661079860864,0.32615661079860864,0.02153016760417419,0.32615661079860864
177,0.32615661079860864,0.32615661079860864,0.02153016760417419,0.32615661079860864
178,0.32615661079860864,0.32615661079860864,0.02153016760417419,0.32615661079860864
179,0.32615661079860864,0.32615661079860864,0.02153016760417419,0.32615661079860864
180,0.2880112748252285,0.2880112748252285,0.13596617552431461,0.2880112748252285
181,0.2880112748252285,0.2880112748252285,0.13596617552431461,0.2880112748252285
182,0.2880112748252285,0.2880112748252285,0.13596617552431461,0.2880112748252285
183,0.2880112748252285,0.2880112748252285,0.13596617552431461,0.2880112748252285
184,0.2880112748252285,0.2880112748252285,0.13596617552431461,0.2880112748252285
185,0.2880112748252285,0.2880112748252285,0.13596617552431461,0.2880112748252285
186,0.2880112748252285,0.2880112748252285,0.13596617552431461,0.2880112748252285
187,0.2880112748252285,0.2880112748252285,0.13596617552431461,0.2880112748252285
188,0.2880112748252285,0.2880112748252285,0.13596617552431461,0.2880112748252285
189,0.2880112748252285,0.2880112748252285,0.13596617552431461,0.2880112748252285
190,0.2880112748252285,0.2880112748252285,0.13596617552431461,0.2880112748252285
191,0.2880112748252285,0.2880112748252285,0.13596617552431461,0.2880112748252285
192,0.2880112748252285,0.2880112748252285,0.13596617552431461,0.2880112748252285
193,0.2880112748252285,0.2880112748252285,0.13596617552431461,0.2880112748252285
194,0.2880112748252285,0.2880112748252285,0.13596617552431461,0.2880112748252285
195,0.2880112748252285,0.2880112748252285,0.13596617552431461,0.2880112748252285
196,0.2880112748252285,0.2880112748252285,0.13596617552431461,0.2880112748252285
197,0.2880112748252285,0.2880112748252285,0.13596617552431461,0.2880112748252285
198,0.2880112748252285,0.2880112748252285,0.13596617552431461,0.2880112748252285
199,0.2880112748252285,0.2880112748252285,0.13596617552431461,0.2880112748252285
200,0.25,0.25,0.25,0.25
201,0.25,0.25,0.25,0.25
202,0.25,0.25,0.25,0.25
203,0.25,0.25,0.25,0.25
204,0.25,0.25,0.25,0.25
205,0.25,0.25,0.25,0.25
206,0.25,0.25,0.25,0.25
207,0.25,0.25,0.25,0.25
208,0.25,0.25,0.25,0.25
209,0.25,0.25,0.25,0.25
210,0.25,0.25,0.25,0.25
211,0.25,0.25,0.25,0.25
212,0.25,0.25,0.25,0.25
213,0.25,0.25,0.25,0.25
214,0.25,0.25,0.25,0.25
215,0.25,0.25,0.25,0.25
216,0.25,0.25,0.25,0.25
217,0.25,0.25,0.25,0.25
218,0.25,0.25,0.25,0.25
219,0.25,0.25,0.25,0.25
220,0.25,0.25,0.25,0.25
221,0.25,0.25,0.25,0.25
222,0.25,0.25,0.25,0.25
223,0.25,0.25,0.25,0.25
224,0.25,0.25,0.25,0.25
225,0.25,0.25,0.25,0.25
226,0.25,0.25,0.25,0.25
227,0.25,0.25,0.25,0.25
228,0.25,0.25,0.25,0.25
229,0.25,0.25,0.25,0.25
230,0.25,0.25,0.25,0.25
231,0.25,0.25,0.25,0.25
232,0.25,0.25,0.25,0.25
233,0.25,0.25,0.25,0.25
234,0.25,0.25,0.25,0.25
235,0.25,0.25,0.25,0.25
236,0.25,0.25,0.25,0.25
237,0.25,0.25,0.25,0.25
238,0.25,0.25,0.25,0.25
239,0.25,0.25,0.25,0.25
240,0.25,0.25,0.25,0.25
241,0.25,0.25,0.25,0.25
242,0.25,0.25,0.25,0.25
243,0.25,0.25,0.25,0.25
244,0.25,0.25,0.25,0.25
245,0.25,0.25,0.25,0.25
246,0.25,0.25,0.25,0.25
247,0.25,0.25,0.25,0.25
248,0.25,0.25,0.25,0.25
249,0.25,0.25,0.25,0.25
250,0.25,0.25,0.25,0.25
251,0.25,0.25,0.25,0.25
252,0.25,0.25,0.25,0.25
253,0.25,0.25,0.25,0.25
254,0.25,0.25,0.25,0.25
255,0.25,0.25,0.25,0.25
256,0.25,0.25,0.25,0.25
257,0.25,0.25,0.25,0.25
258,0.25,0.25,0.25,0.25
259,0.25,0.25,0.25,0.25
260,0.25,0.25,0.25,0.25
261,0.25,0.25,0.25,0.25
262,0.25,0.25,0.25,0.25
263,0.25,0.25,0.25,0.25
264,0.25,0.25,0.25,0.25
265,0.25,0.25,0.25,0.25
266,0.25,0.25,0.25,0.25
267,0.25,0.25,0.25,0.25
268,0.25,0.25,0.25,0.25
269,0.25,0.25,0.25,0.25
270,0.25,0.25,0.25,0.25
271,0.25,0.25,0.25,0.25
272,0.25,0.25,0.25,0.25
273,0.25,0.25,0.25,0.25
274,0.25,0.25,0.25,0.25
275,0.25,0.25,0.25,0.25
276,0.25,0.25,0.25,0.25
277,0.25,0.25,0.25,0.25
278,0.25,0.25,0.25,0.25
279,0.25,0.25,0.25,0.25
280,0.30084740968155604,0.30084740968155604,0.30084740968155604,0.09745777095533195
281,0.30084740968155604,0.30084740968155604,0.30084740968155604,0.09745777095533195
282,0.30084740968155604,0.30084740968155604,0.30084740968155604,0.09745777095533195
283,0.30084740968155604,0.30084740968155604,0.30084740968155604,0.09745777095533195
284,0.30084740968155604,0.30084740968155604,0.30084740968155604,0.09745777095533195
285,0.30084740968155604,0.30084740968155604,0.30084740968155604,0.09745777095533195
286,0.30084740968155604,0.30084740968155604,0.30084740968155604,0.09745777095533195
287,0.30084740968155604,0.30084740968155604,0.30084740968155604,0.09745777095533195
288,0.30084740968155604,0.30084740968155604,0.30084740968155604,0.09745777095533195
289,0.30084740968155604,0.30084740968155604,0.30084740968155604,0.09745777095533195
290,0.30084740968155604,0.30084740968155604,0.30084740968155604,0.09745777095533195
291,0.30084740968155604,0.30084740968155604,0.30084740968155604,0.09745777095533195
292,0.30084740968155604,0.30084740968155604,0.30084740968155604,0.09745777095533195
293,0.30084740968155604,0.30084740968155604,0.30084740968155604,0.09745777095533195
294,0.30084740968155604,0.30084740968155604,0.30084740968155604,0.09745777095533195
295,0.30084740968155604,0.30084740968155604,0.30084740968155604,0.09745777095533195
296,0.30084740968155604,0.30084740968155604,0.30084740968155604,0.09745777095533195
297,0.30084740968155604,0.30084740968155604,0.30084740968155604,0.09745777095533195
298,0.30084740968155604,0.30084740968155604,0.30084740968155604,0.09745777095533195
299,0.30084740968155604,0.30084740968155604,0.30084740968155604,0.09745777095533195
300,0.3333333333333333,0.3333333333333333,0.3333333333333333,0.0
301,0.3333333333333333,0.3333333333333333,0.3333333333333333,0.0
302,0.3333333333333333,0.3333333333333333,0.3333333333333333,0.0
303,0.3333333333333333,0.3333333333333333,0.3333333333333333,0.0
304,0.3333333333333333,0.3333333333333333,0.3333333333333333,0.0
305,0.3333333333333333,0.3333333333333333,0.3333333333333333,0.0
306,0.3333333333333333,0.3333333333333333,0.3333333333333333,0.0
307,0.3333333333333333,0.3333333333333333,0.3333333333333333,0.0
308,0.3333333333333333,0.3333333333333333,0.3333333333333333,0.0
309,0.3333333333333333,0.3333333333333333,0.3333333333333333,0.0
310,0.3333333333333333,0.3333333333333333,0.3333333333333333,0.0
311,0.3333333333333333,0.3333333333333333,0.3333333333333333,0.0
312,0.3333333333333333,0.3333333333333333,0.3333333333333333,0.0
313,0.3333333333333333,0.3333333333333333,0.3333333333333333,0.0
314,0.3333333333333333,0.3333333333333333,0.3333333333333333,0.0
315,0.3333333333333333,0.3333333333333333,0.3333333333333333,0.0
316,0.3333333333333333,0.3333333333333333,0.3333333333333333,0.0
317,0.3333333333333333,0.3333333333333333,0.3333333333333333,0.0
318,0.3333333333333333,0.3333333333333333,0.3333333333333333,0.0
319,0.3333333333333333,0.3333333333333333,0.3333333333333333,0.0
320,0.3333333333333333,0.3333333333333333,0.3333333333333333,0.0
321,0.3333333333333333,0.3333333333333333,0.3333333333333333,0.0
322,0.3333333333333333,0.3333333333333333,0.3333333333333333,0.0
323,0.3333333333333333,0.3333333333333333,0.3333333333333333,0.0
324,0.3333333333333333,0.3333333333333333,0.3333333333333333,0.0
325,0.3333333333333333,0.3333333333333333,0.3333333333333333,0.0
326,0.3333333333333333,0.3333333333333333,0.3333333333333333,0.0
327,0.3333333333333333,0.3333333333333333,0.3333333333333333,0.0
328,0.3333333333333333,0.3333333333333333,0.3333333333333333,0.0
329,0.3333333333333333,0.3333333333333333,0.3333333333333333,0.0
330,0.3333333333333333,0.3333333333333333,0.3333333333333333,0.0
331,0.3333333333333333,0.3333333333333333,0.3333333333333333,0.0
332,0.3333333333333333,0.3333333333333333,0.3333333333333333,0.0
333,0.3333333333333333,0.3333333333333333,0.3333333333333333,0.0
334,0.3333333333333333,0.3333333333333333,0.3333333333333333,0.0
335,0.3333333333333333,0.3333333333333333,0.3333333333333333,0.0
336,0.3333333333333333,0.3333333333333333,0.3333333333333333,0.0
337,0.3333333333333333,0.3333333333333333,0.3333333333333333,0.0
338,0.3333333333333333,0.3333333333333333,0.3333333333333333,0.0
339,0.3333333333333333,0.3333333333333333,0.3333333333333333,0.0
340,0.5,0.0,0.5,0.0
341,0.5,0.0,0.5,0.0
342,0.5,0.0,0.5,0.0
343,0.5,0.0,0.5,0.0
344,0.5,0.0,0.5,0.0
345,0.5,0.0,0.5,0.0
346,0.5,0.0,0.5,0.0
347,0.5,0.0,0.5,0.0
348,0.5,0.0,0.5,0.0
349,0.5,0.0,0.5,0.0
350,0.5,0.0,0.5,0.0
351,0.5,0.0,0.5,0.0
352,0.5,0.0,0.5,0.0
353,0.5,0.0,0.5,0.0
354,0.5,0.0,0.5,0.0
355,0.5,0.0,0.5,0.0
356,0.5,0.0,0.5,0.0
357,0.5,0.0,0.5,0.0
358,0.5,0.0,0.5,0.0
359,0.5,0.0,0.5,0.0
360,0.5,0.0,0.5,0.0
361,0.5,0.0,0.5,0.0
362,0.5,0.0,0.5,0.0
363,0.5,0.0,0.5,0.0
364,0.5,0.0,0.5,0.0
365,0.5,0.0,0.5,0.0
366,0.5,0.0,0.5,0.0
367,0.5,0.0,0.5,0.0
368,0.5,0.0,0.5,0.0
369,0.5,0.0,0.5,0.0
370,0.5,0.0,0.5,0.0
371,0.5,0.0,0.5,0.0
372,0.5,0.0,0.5,0.0
373,0.5,0.0,0.5,0.0
374,0.5,0.0,0.5,0.0
375,0.5,0.0,0.5,0.0
376,0.5,0.0,0.5,0.0
377,0.5,0.0,0.5,0.0
378,0.5,0.0,0.5,0.0
379,0.5,0.0,0.5,0.0
380,0.5,0.0,0.5,0.0
381,0.5,0.0,0.5,0.0
382,0.5,0.0,0.5,0.0
383,0.5,0.0,0.5,0.0
384,0.5,0.0,0.5,0.0
385,0.5,0.0,0.5,0.0
386,0.5,0.0,0.5,0.0
387,0.5,0.0,0.5,0.0
388,0.5,0.0,0.5,0.0
389,0.5,0.0,0.5,0.0
390,0.5,0.0,0.5,0.0
391,0.5,0.0,0.5,0.0
392,0.5,0.0,0.5,0.0
393,0.5,0.0,0.5,0.0
394,0.5,0.0,0.5,0.0
395,0.5,0.0,0.5,0.0
396,0.5,0.0,0.5,0.0
397,0.5,0.0,0.5,0.0
398,0.5,0.0,0.5,0.0
399,0.5,0.0,0.5,0.0
400,0.5,0.0,0.5,0.0
401,0.5,0.0,0.5,0.0
402,0.5,0.0,0.5,0.0
403,0.5,0.0,0.5,0.0
404,0.5,0.0,0.5,0.0
405,0.5,0.0,0.5,0.0
406,0.5,0.0,0.5,0.0
407,0.5,0.0,0.5,0.0
408,0.5,0.0,0.5,0.0
409,0.5,0.0,0.5,0.0
410,0.5,0.0,0.5,0.0
411,0.5,0.0,0.5,0.0
412,0.5,0.0,0.5,0.0
413,0.5,0.0,0.5,0.0
414,0.5,0.0,0.5,0.0
415,0.5,0.0,0.5,0.0
416,0.5,0.0,0.5,0.0
417,0.5,0.0,0.5,0.0
418,0.5,0.0,0.5,0.0
419,0.5,0.0,0.5,0.0
420,0.5,0.0,0.5,0.0
421,0.5,0.0,0.5,0.0
422,0.5,0.0,0.5,0.0
423,0.5,0.0,0.5,0.0
424,0.5,0.0,0.5,0.0
425,0.5,0.0,0.5,0.0
426,0.5,0.0,0.5,0.0
427,0.5,0.0,0.5,0.0
428,0.5,0.0,0.5,0.0
429,0.5,0.0,0.5,0.0
430,0.5,0.0,0.5,0.0
431,0.5,0.0,0.5,0.0
432,0.5,0.0,0.5,0.0
433,0.5,0.0,0.5,0.0
434,0.5,0.0,0.5,0.0
435,0.5,0.0,0.5,0.0
436,0.5,0.0,0.5,0.0
437,0.5,0.0,0.5,0.0
438,0.5,0.0,0.5,0.0
439,0.5,0.0,0.5,0.0
440,0.5,0.0,0.5,0.0
441,0.5,0.0,0.5,0.0
442,0.5,0.0,0.5,0.0
443,0.5,0.0,0.5,0.0
444,0.5,0.0,0.5,0.0
445,0.5,0.0,0.5,0.0
446,0.5,0.0,0.5,0.0
447,0.5,0.0,0.5,0.0
448,0.5,0.0,0.5,0.0
449,0.5,0.0,0.5,0.0
450,0.5,0.0,0.5,0.0
451,0.5,0.0,0.5,0.0
452,0.5,0.0,0.5,0.0
453,0.5,0.0,0.5,0.0
454,0.5,0.0,0.5,0.0
455,0.5,0.0,0.5,0.0
456,0.5,0.0,0.5,0.0
457,0.5,0.0,0.5,0.0
458,0.5,0.0,0.5,0.0
459,0.5,0.0,0.5,0.0
460,0.5,0.0,0.5,0.0
461,0.5,0.0,0.5,0.0
462,0.5,0.0,0.5,0.0
463,0.5,0.0,0.5,0.0
464,0.5,0.0,0.5,0.0
465,0.5,0.0,0.5,0.0
466,0.5,0.0,0.5,0.0
467,0.5,0.0,0.5,0.0
468,0.5,0.0,0.5,0.0
469,0.5,0.0,0.5,0.0
470,0.5,0.0,0.5,0.0
471,0.5,0.0,0.5,0.0
472,0.5,0.0,0.5,0.0
473,0.5,0.0,0.5,0.0
474,0.5,0.0,0.5,0.0
475,0.5,0.0,0.5,0.0
476,0.5,0.0,0.5,0.0
477,0.5,0.0,0.5,0.0
478,0.5,0.0,0.5,0.0
479,0.5,0.0,0.5,0.0
480,0.5,0.0,0.5,0.0
481,0.5,0.0,0.5,0.0
482,0.5,0.0,0.5,0.0
483,0.5,0.0,0.5,0.0
484,0.5,0.0,0.5,0.0
485,0.5,0.0,0.5,0.0
486,0.5,0.0,0.5,0.0
487,0.5,0.0,0.5,0.0
488,0.5,0.0,0.5,0.0
489,0.5,0.0,0.5,0.0
490,0.5,0.0,0.5,0.0
491,0.5,0.0,0.5,0.0
492,0.5,0.0,0.5,0.0
493,0.5,0.0,0.5,0.0
494,0.5,0.0,0.5,0.0
495,0.5,0.0,0.5,0.0
496,0.5,0.0,0.5,0.0
497,0.5,0.0,0.5,0.0
498,0.5,0.0,0.5,0.0
499,0.5,0.0,0.5,0.0
500,0.5,0.0,0.5,0.0
501,0.5,0.0,0.5,0.0
502,0.5,0.0,0.5,0.0
503,0.5,0.0,0.5,0.0
504,0.5,0.0,0.5,0.0
505,0.5,0.0,0.5,0.0
506,0.5,0.0,0.5,0.0
507,0.5,0.0,0.5,0.0
508,0.5,0.0,0.5,0.0
509,0.5,0.0,0.5,0.0
510,0.5,0.0,0.5,0.0
511,0.5,0.0,0.5,0.0
512,0.5,0.0,0.5,0.0
513,0.5,0.0,0.5,0.0
514,0.5,0.0,0.5,0.0
515,0.5,0.0,0.5,0.0
516,0.5,0.0,0.5,0.0
517,0.5,0.0,0.5,0.0
518,0.5,0.0,0.5,0.0
519,0.5,0.0,0.5,0.0
520,0.5,0.0,0.5,0.0
521,0.5,0.0,0.5,0.0
522,0.5,0.0,0.5,0.0
523,0.5,0.0,0.5,0.0
524,0.5,0.0,0.5,0.0
525,0.5,0.0,0.5,0.0
526,0.5,0.0,0.5,0.0
527,0.5,0.0,0.5,0.0
528,0.5,0.0,0.5,0.0
529,0.5,0.0,0.5,0.0
530,0.5,0.0,0.5,0.0
531,0.5,0.0,0.5,0.0
532,0.5,0.0,0.5,0.0
533,0.5,0.0,0.5,0.0
534,0.5,0.0,0.5,0.0
535,0.5,0.0,0.5,0.0
536,0.5,0.0,0.5,0.0
537,0.5,0.0,0.5,0.0
538,0.5,0.0,0.5,0.0
539,0.5,0.0,0.5,0.0
540,0.25,0.25,0.25,0.25
541,0.25,0.25,0.25,0.25
542,0.25,0.25,0.25,0.25
543,0.25,0.25,0.25,0.25
544,0.25,0.25,0.25,0.25
545,0.25,0.25,0.25,0.25
546,0.25,0.25,0.25,0.25
547,0.25,0.25,0.25,0.25
548,0.25,0.25,0.25,0.25
549,0.25,0.25,0.25,0.25
550,0.25,0.25,0.25,0.25
551,0.25,0.25,0.25,0.25
552,0.25,0.25,0.25,0.25
553,0.25,0.25,0.25,0.25
554,0.25,0.25,0.25,0.25
555,0.25,0.25,0.25,0.25
556,0.25,0.25,0.25,0.25
557,0.25,0.25,0.25,0.25
558,0.25,0.25,0.25,0.25
559,0.25,0.25,0.25,0.25
560,0.25,0.25,0.25,0.25
561,0.25,0.25,0.25,0.25
562,0.25,0.25,0.25,0.25
563,0.25,0.25,0.25,0.25
564,0.25,0.25,0.25,0.25
565,0.25,0.25,0.25,0.25
566,0.25,0.25,0.25,0.25
567,0.25,0.25,0.25,0.25
568,0.25,0.25,0.25,0.25
569,0.25,0.25,0.25,0.25
570,0.25,0.25,0.25,0.25
571,0.25,0.25,0.25,0.25
572,0.25,0.25,0.25,0.25
573,0.25,0.25,0.25,0.25
574,0.25,0.25,0.25,0.25
575,0.25,0.25,0.25,0.25
576,0.25,0.25,0.25,0.25
577,0.25,0.25,0.25,0.25
578,0.25,0.25,0.25,0.25
579,0.25,0.25,0.25,0.25
580,0.25,0.25,0.25,0.25
581,0.25,0.25,0.25,0.25
582,0.25,0.25,0.25,0.25
583,0.25,0.25,0.25,0.25
584,0.25,0.25,0.25,0.25
585,0.25,0.25,0.25,0.25
586,0.25,0.25,0.25,0.25
587,0.25,0.25,0.25,0.25
588,0.25,0.25,0.25,0.25
589,0.25,0.25,0.25,0.25
590,0.25,0.25,0.25,0.25
591,0.25,0.25,0.25,0.25
592,0.25,0.25,0.25,0.25
593,0.25,0.25,0.25,0.25
594,0.25,0.25,0.25,0.25
595,0.25,0.25,0.25,0.25
596,0.25,0.25,0.25,0.25
597,0.25,0.25,0.25,0.25
598,0.25,0.25,0.25,0.25
599,0.25,0.25,0.25,0.25
600,0.3333333333333333,0.3333333333333333,0.3333333333333333,0.0
601,0.3333333333333333,0.3333333333333333,0.3333333333333333,0.0
602,0.3333333333333333,0.3333333333333333,0.3333333333333333,0.0
603,0.3333333333333333,0.3333333333333333,0.3333333333333333,0.0
604,0.3333333333333333,0.3333333333333333,0.3333333333333333,0.0
605,0.3333333333333333,0.3333333333333333,0.3333333333333333,0.0
606,0.3333333333333333,0.3333333333333333,0.3333333333333333,0.0
607,0.3333333333333333,0.3333333333333333,0.3333333333333333,0.0
608,0.3333333333333333,0.3333333333333333,0.3333333333333333,0.0
609,0.3333333333333333,0.3333333333333333,0.3333333333333333,0.0
610,0.3333333333333333,0.3333333333333333,0.3333333333333333,0.0
611,0.3333333333333333,0.3333333333333333,0.3333333333333333,0.0
612,0.3333333333333333,0.3333333333333333,0.3333333333333333,0.0
613,0.3333333333333333,0.3333333333333333,0.3333333333333333,0.0
614,0.3333333333333333,0.3333333333333333,0.3333333333333333,0.0
615,0.3333333333333333,0.3333333333333333,0.3333333333333333,0.0
616,0.3333333333333333,0.3333333333333333,0.3333333333333333,0.0
617,0.3333333333333333,0.3333333333333333,0.3333333333333333,0.0
618,0.3333333333333333,0.3333333333333333,0.3333333333333333,0.0
619,0.3333333333333333,0.3333333333333333,0.3333333333333333,0.0
620,0.25,0.25,0.25,0.25
621,0.25,0.25,0.25,0.25
622,0.25,0.25,0.25,0.25
623,0.25,0.25,0.25,0.25
624,0.25,0.25,0.25,0.25
625,0.25,0.25,0.25,0.25
626,0.25,0.25,0.25,0.25
627,0.25,0.25,0.25,0.25
628,0.25,0.25,0.25,0.25
629,0.25,0.25,0.25,0.25
630,0.25,0.25,0.25,0.25
631,0.25,0.25,0.25,0.25
632,0.25,0.25,0.25,0.25
633,0.25,0.25,0.25,0.25
634,0.25,0.25,0.25,0.25
635,0.25,0.25,0.25,0.25
636,0.25,0.25,0.25,0.25
637,0.25,0.25,0.25,0.25
638,0.25,0.25,0.25,0.25
639,0.25,0.25,0.25,0.25
640,0.3333333333333333,0.3333333333333333,0.3333333333333333,0.0
641,0.3333333333333333,0.3333333333333333,0.3333333333333333,0.0
642,0.3333333333333333,0.3333333333333333,0.3333333333333333,0.0
643,0.3333333333333333,0.3333333333333333,0.3333333333333333,0.0
644,0.3333333333333333,0.3333333333333333,0.3333333333333333,0.0
645,0.3333333333333333,0.3333333333333333,0.3333333333333333,0.0
646,0.3333333333333333,0.3333333333333333,0.3333333333333333,0.0
647,0.3333333333333333,0.3333333333333333,0.3333333333333333,0.0
648,0.3333333333333333,0.3333333333333333,0.3333333333333333,0.0
649,0.3333333333333333,0.3333333333333333,0.3333333333333333,0.0
650,0.3333333333333333,0.3333333333333333,0.3333333333333333,0.0
651,0.3333333333333333,0.3333333333333333,0.3333333333333333,0.0
652,0.3333333333333333,0.3333333333333333,0.3333333333333333,0.0
653,0.3333333333333333,0.3333333333333333,0.3333333333333333,0.0
654,0.3333333333333333,0.3333333333333333,0.3333333333333333,0.0
655,0.3333333333333333,0.3333333333333333,0.3333333333333333,0.0
656,0.3333333333333333,0.3333333333333333,0.3333333333333333,0.0
657,0.3333333333333333,0.3333333333333333,0.3333333333333333,0.0
658,0.3333333333333333,0.3333333333333333,0.3333333333333333,0.0
659,0.3333333333333333,0.3333333333333333,0.3333333333333333,0.0
660,0.37183046922630025,0.2563390615473994,0.37183046922630025,0.0
661,0.37183046922630025,0.2563390615473994,0.37183046922630025,0.0
662,0.37183046922630025,0.2563390615473994,0.37183046922630025,0.0
663,0.37183046922630025,0.2563390615473994,0.37183046922630025,0.0
664,0.37183046922630025,0.2563390615473994,0.37183046922630025,0.0
665,0.37183046922630025,0.2563390615473994,0.37183046922630025,0.0
666,0.37183046922630025,0.2563390615473994,0.37183046922630025,0.0
667,0.37183046922630025,0.2563390615473994,0.37183046922630025,0.0
668,0.37183046922630025,0.2563390615473994,0.37183046922630025,0.0
669,0.37183046922630025,0.2563390615473994,0.37183046922630025,0.0
670,0.37183046922630025,0.2563390615473994,0.37183046922630025,0.0
671,0.37183046922630025,0.2563390615473994,0.37183046922630025,0.0
672,0.37183046922630025,0.2563390615473994,0.37183046922630025,0.0
673,0.37183046922630025,0.2563390615473994,0.37183046922630025,0.0
674,0.37183046922630025,0.2563390615473994,0.37183046922630025,0.0
675,0.37183046922630025,0.2563390615473994,0.37183046922630025,0.0
676,0.37183046922630025,0.2563390615473994,0.37183046922630025,0.0
677,0.37183046922630025,0.2563390615473994,0.37183046922630025,0.0
678,0.37183046922630025,0.2563390615473994,0.37183046922630025,0.0
679,0.37183046922630025,0.2563390615473994,0.37183046922630025,0.0
680,0.4734183307541456,0.0,0.5265816692458544,0.0
681,0.4734183307541456,0.0,0.5265816692458544,0.0
682,0.4734183307541456,0.0,0.5265816692458544,0.0
683,0.4734183307541456,0.0,0.5265816692458544,0.0
684,0.4734183307541456,0.0,0.5265816692458544,0.0
685,0.4734183307541456,0.0,0.5265816692458544,0.0
686,0.4734183307541456,0.0,0.5265816692458544,0.0
687,0.4734183307541456,0.0,0.5265816692458544,0.0
688,0.4734183307541456,0.0,0.5265816692458544,0.0
689,0.4734183307541456,0.0,0.5265816692458544,0.0
690,0.4734183307541456,0.0,0.5265816692458544,0.0
691,0.4734183307541456,0.0,0.5265816692458544,0.0
692,0.4734183307541456,0.0,0.5265816692458544,0.0
693,0.4734183307541456,0.0,0.5265816692458544,0.0
694,0.4734183307541456,0.0,0.5265816692458544,0.0
695,0.4734183307541456,0.0,0.5265816692458544,0.0
696,0.4734183307541456,0.0,0.5265816692458544,0.0
697,0.4734183307541456,0.0,0.5265816692458544,0.0
698,0.4734183307541456,0.0,0.5265816692458544,0.0
699,0.4734183307541456,0.0,0.5265816692458544,0.0
700,0.5,0.0,0.5,0.0
701,0.5,0.0,0.5,0.0
702,0.5,0.0,0.5,0.0
703,0.5,0.0,0.5,0.0
704,0.5,0.0,0.5,0.0
705,0.5,0.0,0.5,0.0
706,0.5,0.0,0.5,0.0
707,0.5,0.0,0.5,0.0
708,0.5,0.0,0.5,0.0
709,0.5,0.0,0.5,0.0
710,0.5,0.0,0.5,0.0
711,0.5,0.0,0.5,0.0
712,0.5,0.0,0.5,0.0
713,0.5,0.0,0.5,0.0
714,0.5,0.0,0.5,0.0
715,0.5,0.0,0.5,0.0
716,0.5,0.0,0.5,0.0
717,0.5,0.0,0.5,0.0
718,0.5,0.0,0.5,0.0
719,0.5,0.0,0.5,0.0
720,0.3308375466849252,0.0,0.6691624533150747,0.0
721,0.3308375466849252,0.0,0.6691624533150747,0.0
722,0.3308375466849252,0.0,0.6691624533150747,0.0
723,0.3308375466849252,0.0,0.6691624533150747,0.0
724,0.3308375466849252,0.0,0.6691624533150747,0.0
725,0.3308375466849252,0.0,0.6691624533150747,0.0
726,0.3308375466849252,0.0,0.6691624533150747,0.0
727,0.3308375466849252,0.0,0.6691624533150747,0.0
728,0.3308375466849252,0.0,0.6691624533150747,0.0
729,0.3308375466849252,0.0,0.6691624533150747,0.0
730,0.3308375466849252,0.0,0.6691624533150747,0.0
731,0.3308375466849252,0.0,0.6691624533150747,0.0
732,0.3308375466849252,0.0,0.6691624533150747,0.0
733,0.3308375466849252,0.0,0.6691624533150747,0.0
734,0.3308375466849252,0.0,0.6691624533150747,0.0
735,0.3308375466849252,0.0,0.6691624533150747,0.0
736,0.3308375466849252,0.0,0.6691624533150747,0.0
737,0.3308375466849252,0.0,0.6691624533150747,0.0
738,0.3308375466849252,0.0,0.6691624533150747,0.0
739,0.3308375466849252,0.0,0.6691624533150747,0.0
740,0.434443016553095,0.0,0.5655569834469051,0.0
741,0.434443016553095,0.0,0.5655569834469051,0.0
742,0.434443016553095,0.0,0.5655569834469051,0.0
743,0.434443016553095,0.0,0.5655569834469051,0.0
744,0.434443016553095,0.0,0.5655569834469051,0.0
745,0.434443016553095,0.0,0.5655569834469051,0.0
746,0.434443016553095,0.0,0.5655569834469051,0.0
747,0.434443016553095,0.0,0.5655569834469051,0.0
748,0.434443016553095,0.0,0.5655569834469051,0.0
749,0.434443016553095,0.0,0.5655569834469051,0.0
750,0.434443016553095,0.0,0.5655569834469051,0.0
751,0.434443016553095,0.0,0.5655569834469051,0.0
752,0.434443016553095,0.0,0.5655569834469051,0.0
753,0.434443016553095,0.0,0.5655569834469051,0.0
754,0.434443016553095,0.0,0.5655569834469051,0.0
755,0.434443016553095,0.0,0.5655569834469051,0.0
756,0.434443016553095,0.0,0.5655569834469051,0.0
757,0.434443016553095,0.0,0.5655569834469051,0.0
758,0.434443016553095,0.0,0.5655569834469051,0.0
759,0.434443016553095,0.0,0.5655569834469051,0.0
760,0.12296018072208602,0.0,0.8770398192779141,0.0
761,0.12296018072208602,0.0,0.8770398192779141,0.0
762,0.12296018072208602,0.0,0.8770398192779141,0.0
763,0.12296018072208602,0.0,0.8770398192779141,0.0
764,0.12296018072208602,0.0,0.8770398192779141,0.0
765,0.12296018072208602,0.0,0.8770398192779141,0.0
766,0.12296018072208602,0.0,0.8770398192779141,0.0
767,0.12296018072208602,0.0,0.8770398192779141,0.0
768,0.12296018072208602,0.0,0.8770398192779141,0.0
769,0.12296018072208602,0.0,0.8770398192779141,0.0
770,0.12296018072208602,0.0,0.8770398192779141,0.0
771,0.12296018072208602,0.0,0.8770398192779141,0.0
772,0.12296018072208602,0.0,0.8770398192779141,0.0
773,0.12296018072208602,0.0,0.8770398192779141,0.0
774,0.12296018072208602,0.0,0.8770398192779141,0.0
775,0.12296018072208602,0.0,0.8770398192779141,0.0
776,0.12296018072208602,0.0,0.8770398192779141,0.0
777,0.12296018072208602,0.0,0.8770398192779141,0.0
778,0.12296018072208602,0.0,0.8770398192779141,0.0
779,0.12296018072208602,0.0,0.8770398192779141,0.0
780,0.0,0.0,1.0,0.0
781,0.0,0.0,1.0,0.0
782,0.0,0.0,1.0,0.0
783,0.0,0.0,1.0,0.0
784,0.0,0.0,1.0,0.0
785,0.0,0.0,1.0,0.0
786,0.0,0.0,1.0,0.0
787,0.0,0.0,1.0,0.0
788,0.0,0.0,1.0,0.0
789,0.0,0.0,1.0,0.0
790,0.0,0.0,1.0,0.0
791,0.0,0.0,1.0,0.0
792,0.0,0.0,1.0,0.0
793,0.0,0.0,1.0,0.0
794,0.0,0.0,1.0,0.0
795,0.0,0.0,1.0,0.0
796,0.0,0.0,1.0,0.0
797,0.0,0.0,1.0,0.0
798,0.0,0.0,1.0,0.0
799,0.0,0.0,1.0,0.0
800,0.25,0.25,0.25,0.25
801,0.25,0.25,0.25,0.25
802,0.25,0.25,0.25,0.25
803,0.25,0.25,0.25,0.25
804,0.25,0.25,0.25,0.25
805,0.25,0.25,0.25,0.25
806,0.25,0.25,0.25,0.25
807,0.25,0.25,0.25,0.25
808,0.25,0.25,0.25,0.25
809,0.25,0.25,0.25,0.25
810,0.25,0.25,0.25,0.25
811,0.25,0.25,0.25,0.25
812,0.25,0.25,0.25,0.25
813,0.25,0.25,0.25,0.25
814,0.25,0.25,0.25,0.25
815,0.25,0.25,0.25,0.25
816,0.25,0.25,0.25,0.25
817,0.25,0.25,0.25,0.25
818,0.25,0.25,0.25,0.25
819,0.25,0.25,0.25,0.25
820,0.25,0.25,0.25,0.25
821,0.25,0.25,0.25,0.25
822,0.25,0.25,0.25,0.25
823,0.25,0.25,0.25,0.25
824,0.25,0.25,0.25,0.25
825,0.25,0.25,0.25,0.25
826,0.25,0.25,0.25,0.25
827,0.25,0.25,0.25,0.25
828,0.25,0.25,0.25,0.25
829,0.25,0.25,0.25,0.25
830,0.25,0.25,0.25,0.25
831,0.25,0.25,0.25,0.25
832,0.25,0.25,0.25,0.25
833,0.25,0.25,0.25,0.25
834,0.25,0.25,0.25,0.25
835,0.25,0.25,0.25,0.25
836,0.25,0.25,0.25,0.25
837,0.25,0.25,0.25,0.25
838,0.25,0.25,0.25,0.25
839,0.25,0.25,0.25,0.25
840,0.0,0.0,0.5,0.5
841,0.0,0.0,0.5,0.5
842,0.0,0.0,0.5,0.5
843,0.0,0.0,0.5,0.5
844,0.0,0.0,0.5,0.5
845,0.0,0.0,0.5,0.5
846,0.0,0.0,0.5,0.5
847,0.0,0.0,0.5,0.5
848,0.0,0.0,0.5,0.5
849,0.0,0.0,0.5,0.5
850,0.0,0.0,0.5,0.5
851,0.0,0.0,0.5,0.5
852,0.0,0.0,0.5,0.5
853,0.0,0.0,0.5,0.5
854,0.0,0.0,0.5,0.5
855,0.0,0.0,0.5,0.5
856,0.0,0.0,0.5,0.5
857,0.0,0.0,0.5,0.5
858,0.0,0.0,0.5,0.5
859,0.0,0.0,0.5,0.5
860,0.0,0.0,0.5,0.5
861,0.0,0.0,0.5,0.5
862,0.0,0.0,0.5,0.5
863,0.0,0.0,0.5,0.5
864,0.0,0.0,0.5,0.5
865,0.0,0.0,0.5,0.5
866,0.0,0.0,0.5,0.5
867,0.0,0.0,0.5,0.5
868,0.0,0.0,0.5,0.5
869,0.0,0.0,0.5,0.5
870,0.0,0.0,0.5,0.5
871,0.0,0.0,0.5,0.5
872,0.0,0.0,0.5,0.5
873,0.0,0.0,0.5,0.5
874,0.0,0.0,0.5,0.5
875,0.0,0.0,0.5,0.5
876,0.0,0.0,0.5,0.5
877,0.0,0.0,0.5,0.5
878,0.0,0.0,0.5,0.5
879,0.0,0.0,0.5,0.5
880,0.0,0.0,0.5,0.5
881,0.0,0.0,0.5,0.5
882,0.0,0.0,0.5,0.5
883,0.0,0.0,0.5,0.5
884,0.0,0.0,0.5,0.5
885,0.0,0.0,0.5,0.5
886,0.0,0.0,0.5,0.5
887,0.0,0.0,0.5,0.5
888,0.0,0.0,0.5,0.5
889,0.0,0.0,0.5,0.5
890,0.0,0.0,0.5,0.5
891,0.0,0.0,0.5,0.5
892,0.0,0.0,0.5,0.5
893,0.0,0.0,0.5,0.5
894,0.0,0.0,0.5,0.5
895,0.0,0.0,0.5,0.5
896,0.0,0.0,0.5,0.5
897,0.0,0.0,0.5,0.5
898,0.0,0.0,0.5,0.5
899,0.0,0.0,0.5,0.5
900,0.0,0.0,0.5,0.5
901,0.0,0.0,0.5,0.5
902,0.0,0.0,0.5,0.5
903,0.0,0.0,0.5,0.5
904,0.0,0.0,0.5,0.5
905,0.0,0.0,0.5,0.5
906,0.0,0.0,0.5,0.5
907,0.0,0.0,0.5,0.5
908,0.0,0.0,0.5,0.5
909,0.0,0.0,0.5,0.5
910,0.0,0.0,0.5,0.5
911,0.0,0.0,0.5,0.5
912,0.0,0.0,0.5,0.5
913,0.0,0.0,0.5,0.5
914,0.0,0.0,0.5,0.5
915,0.0,0.0,0.5,0.5
916,0.0,0.0,0.5,0.5
917,0.0,0.0,0.5,0.5
918,0.0,0.0,0.5,0.5
919,0.0,0.0,0.5,0.5
920,0.14675653031845282,0.03911333881543163,0.40706506543305776,0.40706506543305776
921,0.14675653031845282,0.03911333881543163,0.40706506543305776,0.40706506543305776
922,0.14675653031845282,0.03911333881543163,0.40706506543305776,0.40706506543305776
923,0.14675653031845282,0.03911333881543163,0.40706506543305776,0.40706506543305776
924,0.14675653031845282,0.03911333881543163,0.40706506543305776,0.40706506543305776
925,0.14675653031845282,0.03911333881543163,0.40706506543305776,0.40706506543305776
926,0.14675653031845282,0.03911333881543163,0.40706506543305776,0.40706506543305776
927,0.14675653031845282,0.03911333881543163,0.40706506543305776,0.40706506543305776
928,0.14675653031845282,0.03911333881543163,0.40706506543305776,0.40706506543305776
929,0.14675653031845282,0.03911333881543163,0.40706506543305776,0.40706506543305776
930,0.14675653031845282,0.03911333881543163,0.40706506543305776,0.40706506543305776
931,0.14675653031845282,0.03911333881543163,0.40706506543305776,0.40706506543305776
932,0.14675653031845282,0.03911333881543163,0.40706506543305776,0.40706506543305776
933,0.14675653031845282,0.03911333881543163,0.40706506543305776,0.40706506543305776
934,0.14675653031845282,0.03911333881543163,0.40706506543305776,0.40706506543305776
935,0.14675653031845282,0.03911333881543163,0.40706506543305776,0.40706506543305776
936,0.14675653031845282,0.03911333881543163,0.40706506543305776,0.40706506543305776
937,0.14675653031845282,0.03911333881543163,0.40706506543305776,0.40706506543305776
938,0.14675653031845282,0.03911333881543163,0.40706506543305776,0.40706506543305776
939,0.14675653031845282,0.03911333881543163,0.40706506543305776,0.40706506543305776
940,0.25,0.25,0.25,0.25
941,0.25,0.25,0.25,0.25
942,0.25,0.25,0.25,0.25
943,0.25,0.25,0.25,0.25
944,0.25,0.25,0.25,0.25
945,0.25,0.25,0.25,0.25
946,0.25,0.25,0.25,0.25
947,0.25,0.25,0.25,0.25
948,0.25,0.25,0.25,0.25
949,0.25,0.25,0.25,0.25
950,0.25,0.25,0.25,0.25
951,0.25,0.25,0.25,0.25
952,0.25,0.25,0.25,0.25
953,0.25,0.25,0.25,0.25
954,0.25,0.25,0.25,0.25
955,0.25,0.25,0.25,0.25
956,0.25,0.25,0.25,0.25
957,0.25,0.25,0.25,0.25
958,0.25,0.25,0.25,0.25
959,0.25,0.25,0.25,0.25
960,0.25,0.25,0.25,0.25
961,0.25,0.25,0.25,0.25
962,0.25,0.25,0.25,0.25
963,0.25,0.25,0.25,0.25
964,0.25,0.25,0.25,0.25
965,0.25,0.25,0.25,0.25
966,0.25,0.25,0.25,0.25
967,0.25,0.25,0.25,0.25
968,0.25,0.25,0.25,0.25
969,0.25,0.25,0.25,0.25
970,0.25,0.25,0.25,0.25
971,0.25,0.25,0.25,0.25
972,0.25,0.25,0.25,0.25
973,0.25,0.25,0.25,0.25
974,0.25,0.25,0.25,0.25
975,0.25,0.25,0.25,0.25
976,0.25,0.25,0.25,0.25
977,0.25,0.25,0.25,0.25
978,0.25,0.25,0.25,0.25
979,0.25,0.25,0.25,0.25
980,0.2016596740582221,0.2661134419805926,0.2661134419805926,0.2661134419805926
981,0.2016596740582221,0.2661134419805926,0.2661134419805926,0.2661134419805926
982,0.2016596740582221,0.2661134419805926,0.2661134419805926,0.2661134419805926
983,0.2016596740582221,0.2661134419805926,0.2661134419805926,0.2661134419805926
984,0.2016596740582221,0.2661134419805926,0.2661134419805926,0.2661134419805926
985,0.2016596740582221,0.2661134419805926,0.2661134419805926,0.2661134419805926
986,0.2016596740582221,0.2661134419805926,0.2661134419805926,0.2661134419805926
987,0.2016596740582221,0.2661134419805926,0.2661134419805926,0.2661134419805926
988,0.2016596740582221,0.2661134419805926,0.2661134419805926,0.2661134419805926
989,0.2016596740582221,0.2661134419805926,0.2661134419805926,0.2661134419805926
990,0.2016596740582221,0.2661134419805926,0.2661134419805926,0.2661134419805926
991,0.2016596740582221,0.2661134419805926,0.2661134419805926,0.2661134419805926
992,0.2016596740582221,0.2661134419805926,0.2661134419805926,0.2661134419805926
993,0.2016596740582221,0.2661134419805926,0.2661134419805926,0.2661134419805926
994,0.2016596740582221,0.2661134419805926,0.2661134419805926,0.2661134419805926
995,0.2016596740582221,0.2661134419805926,0.2661134419805926,0.2661134419805926
996,0.2016596740582221,0.2661134419805926,0.2661134419805926,0.2661134419805926
997,0.2016596740582221,0.2661134419805926,0.2661134419805926,0.2661134419805926
998,0.2016596740582221,0.2661134419805926,0.2661134419805926,0.2661134419805926
999,0.2016596740582221,0.2661134419805926,0.2661134419805926,0.2661134419805926
1000,0.14527440817278794,0.37121024077353687,0.1123051102801384,0.37121024077353687
1001,0.14527440817278794,0.37121024077353687,0.1123051102801384,0.37121024077353687
1002,0.14527440817278794,0.37121024077353687,0.1123051102801384,0.37121024077353687
1003,0.14527440817278794,0.37121024077353687,0.1123051102801384,0.37121024077353687
1004,0.14527440817278794,0.37121024077353687,0.1123051102801384,0.37121024077353687
1005,0.14527440817278794,0.37121024077353687,0.1123051102801384,0.37121024077353687
1006,0.14527440817278794,0.37121024077353687,0.1123051102801384,0.37121024077353687
1007,0.14527440817278794,0.37121024077353687,0.1123051102801384,0.37121024077353687
1008,0.14527440817278794,0.37121024077353687,0.1123051102801384,0.37121024077353687
1009,0.14527440817278794,0.37121024077353687,0.1123051102801384,0.37121024077353687
1010,0.14527440817278794,0.37121024077353687,0.1123051102801384,0.37121024077353687
1011,0.14527440817278794,0.37121024077353687,0.1123051102801384,0.37121024077353687
1012,0.14527440817278794,0.37121024077353687,0.1123051102801384,0.37121024077353687
1013,0.14527440817278794,0.37121024077353687,0.1123051102801384,0.37121024077353687
1014,0.14527440817278794,0.37121024077353687,0.1123051102801384,0.37121024077353687
1015,0.14527440817278794,0.37121024077353687,0.1123051102801384,0.37121024077353687
1016,0.14527440817278794,0.37121024077353687,0.1123051102801384,0.37121024077353687
1017,0.14527440817278794,0.37121024077353687,0.1123051102801384,0.37121024077353687
1018,0.14527440817278794,0.37121024077353687,0.1123051102801384,0.37121024077353687
1019,0.14527440817278794,0.37121024077353687,0.1123051102801384,0.37121024077353687
1020,0.17385239142917294,0.2753825361902757,0.2753825361902757,0.2753825361902757
1021,0.17385239142917294,0.2753825361902757,0.2753825361902757,0.2753825361902757
1022,0.17385239142917294,0.2753825361902757,0.2753825361902757,0.2753825361902757
1023,0.17385239142917294,0.2753825361902757,0.2753825361902757,0.2753825361902757
1024,0.17385239142917294,0.2753825361902757,0.2753825361902757,0.2753825361902757
1025,0.17385239142917294,0.2753825361902757,0.2753825361902757,0.2753825361902757
1026,0.17385239142917294,0.2753825361902757,0.2753825361902757,0.2753825361902757
1027,0.17385239142917294,0.2753825361902757,0.2753825361902757,0.2753825361902757
1028,0.17385239142917294,0.2753825361902757,0.2753825361902757,0.2753825361902757
1029,0.17385239142917294,0.2753825361902757,0.2753825361902757,0.2753825361902757
1030,0.17385239142917294,0.2753825361902757,0.2753825361902757,0.2753825361902757
1031,0.17385239142917294,0.2753825361902757,0.2753825361902757,0.2753825361902757
1032,0.17385239142917294,0.2753825361902757,0.2753825361902757,0.2753825361902757
1033,0.17385239142917294,0.2753825361902757,0.2753825361902757,0.2753825361902757
1034,0.17385239142917294,0.2753825361902757,0.2753825361902757,0.2753825361902757
1035,0.17385239142917294,0.2753825361902757,0.2753825361902757,0.2753825361902757
1036,0.17385239142917294,0.2753825361902757,0.2753825361902757,0.2753825361902757
1037,0.17385239142917294,0.2753825361902757,0.2753825361902757,0.2753825361902757
1038,0.17385239142917294,0.2753825361902757,0.2753825361902757,0.2753825361902757
1039,0.17385239142917294,0.2753825361902757,0.2753825361902757,0.2753825361902757
1040,0.25,0.25,0.25,0.25
1041,0.25,0.25,0.25,0.25
1042,0.25,0.25,0.25,0.25
1043,0.25,0.25,0.25,0.25
1044,0.25,0.25,0.25,0.25
1045,0.25,0.25,0.25,0.25
1046,0.25,0.25,0.25,0.25
1047,0.25,0.25,0.25,0.25
1048,0.25,0.25,0.25,0.25
1049,0.25,0.25,0.25,0.25
1050,0.25,0.25,0.25,0.25
1051,0.25,0.25,0.25,0.25
1052,0.25,0.25,0.25,0.25
1053,0.25,0.25,0.25,0.25
1054,0.25,0.25,0.25,0.25
1055,0.25,0.25,0.25,0.25
1056,0.25,0.25,0.25,0.25
1057,0.25,0.25,0.25,0.25
1058,0.25,0.25,0.25,0.25
1059,0.25,0.25,0.25,0.25
1060,0.25,0.25,0.25,0.25
1061,0.25,0.25,0.25,0.25
1062,0.25,0.25,0.25,0.25
1063,0.25,0.25,0.25,0.25
1064,0.25,0.25,0.25,0.25
1065,0.25,0.25,0.25,0.25
1066,0.25,0.25,0.25,0.25
1067,0.25,0.25,0.25,0.25
1068,0.25,0.25,0.25,0.25
1069,0.25,0.25,0.25,0.25
1070,0.25,0.25,0.25,0.25
1071,0.25,0.25,0.25,0.25
1072,0.25,0.25,0.25,0.25
1073,0.25,0.25,0.25,0.25
1074,0.25,0.25,0.25,0.25
1075,0.25,0.25,0.25,0.25
1076,0.25,0.25,0.25,0.25
1077,0.25,0.25,0.25,0.25
1078,0.25,0.25,0.25,0.25
1079,0.25,0.25,0.25,0.25
1080,0.25,0.25,0.25,0.25
1081,0.25,0.25,0.25,0.25
1082,0.25,0.25,0.25,0.25
1083,0.25,0.25,0.25,0.25
1084,0.25,0.25,0.25,0.25
1085,0.25,0.25,0.25,0.25
1086,0.25,0.25,0.25,0.25
1087,0.25,0.25,0.25,0.25
1088,0.25,0.25,0.25,0.25
1089,0.25,0.25,0.25,0.25
1090,0.25,0.25,0.25,0.25
1091,0.25,0.25,0.25,0.25
1092,0.25,0.25,0.25,0.25
1093,0.25,0.25,0.25,0.25
1094,0.25,0.25,0.25,0.25
1095,0.25,0.25,0.25,0.25
1096,0.25,0.25,0.25,0.25
1097,0.25,0.25,0.25,0.25
1098,0.25,0.25,0.25,0.25
1099,0.25,0.25,0.25,0.25
1100,0.25,0.25,0.25,0.25
1101,0.25,0.25,0.25,0.25
1102,0.25,0.25,0.25,0.25
1103,0.25,0.25,0.25,0.25
1104,0.25,0.25,0.25,0.25
1105,0.25,0.25,0.25,0.25
1106,0.25,0.25,0.25,0.25
1107,0.25,0.25,0.25,0.25
1108,0.25,0.25,0.25,0.25
1109,0.25,0.25,0.25,0.25
1110,0.25,0.25,0.25,0.25
1111,0.25,0.25,0.25,0.25
1112,0.25,0.25,0.25,0.25
1113,0.25,0.25,0.25,0.25
1114,0.25,0.25,0.25,0.25
1115,0.25,0.25,0.25,0.25
1116,0.25,0.25,0.25,0.25
1117,0.25,0.25,0.25,0.25
1118,0.25,0.25,0.25,0.25
1119,0.25,0.25,0.25,0.25
1120,0.22416970085316298,0.3879151495734185,0.0,0.3879151495734185
1121,0.22416970085316298,0.3879151495734185,0.0,0.3879151495734185
1122,0.22416970085316298,0.3879151495734185,0.0,0.3879151495734185
1123,0.22416970085316298,0.3879151495734185,0.0,0.3879151495734185
1124,0.22416970085316298,0.3879151495734185,0.0,0.3879151495734185
1125,0.22416970085316298,0.3879151495734185,0.0,0.3879151495734185
1126,0.22416970085316298,0.3879151495734185,0.0,0.3879151495734185
1127,0.22416970085316298,0.3879151495734185,0.0,0.3879151495734185
1128,0.22416970085316298,0.3879151495734185,0.0,0.3879151495734185
1129,0.22416970085316298,0.3879151495734185,0.0,0.3879151495734185
1130,0.22416970085316298,0.3879151495734185,0.0,0.3879151495734185
1131,0.22416970085316298,0.3879151495734185,0.0,0.3879151495734185
1132,0.22416970085316298,0.3879151495734185,0.0,0.3879151495734185
1133,0.22416970085316298,0.3879151495734185,0.0,0.3879151495734185
1134,0.22416970085316298,0.3879151495734185,0.0,0.3879151495734185
1135,0.22416970085316298,0.3879151495734185,0.0,0.3879151495734185
1136,0.22416970085316298,0.3879151495734185,0.0,0.3879151495734185
1137,0.22416970085316298,0.3879151495734185,0.0,0.3879151495734185
1138,0.22416970085316298,0.3879151495734185,0.0,0.3879151495734185
1139,0.22416970085316298,0.3879151495734185,0.0,0.3879151495734185
1140,0.19706105773992488,0.4014694711300375,0.0,0.4014694711300375
1141,0.19706105773992488,0.4014694711300375,0.0,0.4014694711300375
1142,0.19706105773992488,0.4014694711300375,0.0,0.4014694711300375
1143,0.19706105773992488,0.4014694711300375,0.0,0.4014694711300375
1144,0.19706105773992488,0.4014694711300375,0.0,0.4014694711300375
1145,0.19706105773992488,0.4014694711300375,0.0,0.4014694711300375
1146,0.19706105773992488,0.4014694711300375,0.0,0.4014694711300375
1147,0.19706105773992488,0.4014694711300375,0.0,0.4014694711300375
1148,0.19706105773992488,0.4014694711300375,0.0,0.4014694711300375
1149,0.19706105773992488,0.4014694711300375,0.0,0.4014694711300375
1150,0.19706105773992488,0.4014694711300375,0.0,0.4014694711300375
1151,0.19706105773992488,0.4014694711300375,0.0,0.4014694711300375
1152,0.19706105773992488,0.4014694711300375,0.0,0.4014694711300375
1153,0.19706105773992488,0.4014694711300375,0.0,0.4014694711300375
1154,0.19706105773992488,0.4014694711300375,0.0,0.4014694711300375
1155,0.19706105773992488,0.4014694711300375,0.0,0.4014694711300375
1156,0.19706105773992488,0.4014694711300375,0.0,0.4014694711300375
1157,0.19706105773992488,0.4014694711300375,0.0,0.4014694711300375
1158,0.19706105773992488,0.4014694711300375,0.0,0.4014694711300375
1159,0.19706105773992488,0.4014694711300375,0.0,0.4014694711300375
1160,0.04090961968643864,0.37572752181907126,0.20763533667541895,0.37572752181907126
1161,0.04090961968643864,0.37572752181907126,0.20763533667541895,0.37572752181907126
1162,0.04090961968643864,0.37572752181907126,0.20763533667541895,0.37572752181907126
1163,0.04090961968643864,0.37572752181907126,0.20763533667541895,0.37572752181907126
1164,0.04090961968643864,0.37572752181907126,0.20763533667541895,0.37572752181907126
1165,0.04090961968643864,0.37572752181907126,0.20763533667541895,0.37572752181907126
1166,0.04090961968643864,0.37572752181907126,0.20763533667541895,0.37572752181907126
1167,0.04090961968643864,0.37572752181907126,0.20763533667541895,0.37572752181907126
1168,0.04090961968643864,0.37572752181907126,0.20763533667541895,0.37572752181907126
1169,0.04090961968643864,0.37572752181907126,0.20763533667541895,0.37572752181907126
1170,0.04090961968643864,0.37572752181907126,0.20763533667541895,0.37572752181907126
1171,0.04090961968643864,0.37572752181907126,0.20763533667541895,0.37572752181907126
1172,0.04090961968643864,0.37572752181907126,0.20763533667541895,0.37572752181907126
1173,0.04090961968643864,0.37572752181907126,0.20763533667541895,0.37572752181907126
1174,0.04090961968643864,0.37572752181907126,0.20763533667541895,0.37572752181907126
1175,0.04090961968643864,0.37572752181907126,0.20763533667541895,0.37572752181907126
1176,0.04090961968643864,0.37572752181907126,0.20763533667541895,0.37572752181907126
1177,0.04090961968643864,0.37572752181907126,0.20763533667541895,0.37572752181907126
1178,0.04090961968643864,0.37572752181907126,0.20763533667541895,0.37572752181907126
1179,0.04090961968643864,0.37572752181907126,0.20763533667541895,0.37572752181907126
1180,0.0,0.3890369804206439,0.2219260391587123,0.3890369804206439
1181,0.0,0.3890369804206439,0.2219260391587123,0.3890369804206439
1182,0.0,0.3890369804206439,0.2219260391587123,0.3890369804206439
1183,0.0,0.3890369804206439,0.2219260391587123,0.3890369804206439
1184,0.0,0.3890369804206439,0.2219260391587123,0.3890369804206439
1185,0.0,0.3890369804206439,0.2219260391587123,0.3890369804206439
1186,0.0,0.3890369804206439,0.2219260391587123,0.3890369804206439
1187,0.0,0.3890369804206439,0.2219260391587123,0.3890369804206439
1188,0.0,0.3890369804206439,0.2219260391587123,0.3890369804206439
1189,0.0,0.3890369804206439,0.2219260391587123,0.3890369804206439
1190,0.0,0.3890369804206439,0.2219260391587123,0.3890369804206439
1191,0.0,0.3890369804206439,0.2219260391587123,0.3890369804206439
1192,0.0,0.3890369804206439,0.2219260391587123,0.3890369804206439
1193,0.0,0.3890369804206439,0.2219260391587123,0.3890369804206439
1194,0.0,0.3890369804206439,0.2219260391587123,0.3890369804206439
1195,0.0,0.3890369804206439,0.2219260391587123,0.3890369804206439
1196,0.0,0.3890369804206439,0.2219260391587123,0.3890369804206439
1197,0.0,0.3890369804206439,0.2219260391587123,0.3890369804206439
1198,0.0,0.3890369804206439,0.2219260391587123,0.3890369804206439
1199,0.0,0.3890369804206439,0.2219260391587123,0.3890369804206439
1200,0.0,0.35872693469693795,0.2825461306061241,0.35872693469693795
1201,0.0,0.35872693469693795,0.2825461306061241,0.35872693469693795
1202,0.0,0.35872693469693795,0.2825461306061241,0.35872693469693795
1203,0.0,0.35872693469693795,0.2825461306061241,0.35872693469693795
1204,0.0,0.35872693469693795,0.2825461306061241,0.35872693469693795
1205,0.0,0.35872693469693795,0.2825461306061241,0.35872693469693795
1206,0.0,0.35872693469693795,0.2825461306061241,0.35872693469693795
1207,0.0,0.35872693469693795,0.2825461306061241,0.35872693469693795
1208,0.0,0.35872693469693795,0.2825461306061241,0.35872693469693795
1209,0.0,0.35872693469693795,0.2825461306061241,0.35872693469693795
1210,0.0,0.35872693469693795,0.2825461306061241,0.35872693469693795
1211,0.0,0.35872693469693795,0.2825461306061241,0.35872693469693795
1212,0.0,0.35872693469693795,0.2825461306061241,0.35872693469693795
1213,0.0,0.35872693469693795,0.2825461306061241,0.35872693469693795
1214,0.0,0.35872693469693795,0.2825461306061241,0.35872693469693795
1215,0.0,0.35872693469693795,0.2825461306061241,0.35872693469693795
1216,0.0,0.35872693469693795,0.2825461306061241,0.35872693469693795
1217,0.0,0.35872693469693795,0.2825461306061241,0.35872693469693795
1218,0.0,0.35872693469693795,0.2825461306061241,0.35872693469693795
1219,0.0,0.35872693469693795,0.2825461306061241,0.35872693469693795
1220,0.03846312136195709,0.3205122928793476,0.3205122928793476,0.3205122928793476
1221,0.03846312136195709,0.3205122928793476,0.3205122928793476,0.3205122928793476
1222,0.03846312136195709,0.3205122928793476,0.3205122928793476,0.3205122928793476
1223,0.03846312136195709,0.3205122928793476,0.3205122928793476,0.3205122928793476
1224,0.03846312136195709,0.3205122928793476,0.3205122928793476,0.3205122928793476
1225,0.03846312136195709,0.3205122928793476,0.3205122928793476,0.3205122928793476
1226,0.03846312136195709,0.3205122928793476,0.3205122928793476,0.3205122928793476
1227,0.03846312136195709,0.3205122928793476,0.3205122928793476,0.3205122928793476
1228,0.03846312136195709,0.3205122928793476,0.3205122928793476,0.3205122928793476
1229,0.03846312136195709,0.3205122928793476,0.3205122928793476,0.3205122928793476
1230,0.03846312136195709,0.3205122928793476,0.3205122928793476,0.3205122928793476
1231,0.03846312136195709,0.3205122928793476,0.3205122928793476,0.3205122928793476
1232,0.03846312136195709,0.3205122928793476,0.3205122928793476,0.3205122928793476
1233,0.03846312136195709,0.3205122928793476,0.3205122928793476,0.3205122928793476
1234,0.03846312136195709,0.3205122928793476,0.3205122928793476,0.3205122928793476
1235,0.03846312136195709,0.3205122928793476,0.3205122928793476,0.3205122928793476
1236,0.03846312136195709,0.3205122928793476,0.3205122928793476,0.3205122928793476
1237,0.03846312136195709,0.3205122928793476,0.3205122928793476,0.3205122928793476
1238,0.03846312136195709,0.3205122928793476,0.3205122928793476,0.3205122928793476
1239,0.03846312136195709,0.3205122928793476,0.3205122928793476,0.3205122928793476
1240,0.028880656781061467,0.32370644773964613,0.32370644773964613,0.32370644773964613
1241,0.028880656781061467,0.32370644773964613,0.32370644773964613,0.32370644773964613
1242,0.028880656781061467,0.32370644773964613,0.32370644773964613,0.32370644773964613
1243,0.028880656781061467,0.32370644773964613,0.32370644773964613,0.32370644773964613
1244,0.028880656781061467,0.32370644773964613,0.32370644773964613,0.32370644773964613
1245,0.028880656781061467,0.32370644773964613,0.32370644773964613,0.32370644773964613
1246,0.028880656781061467,0.32370644773964613,0.32370644773964613,0.32370644773964613
1247,0.028880656781061467,0.32370644773964613,0.32370644773964613,0.32370644773964613
1248,0.028880656781061467,0.32370644773964613,0.32370644773964613,0.32370644773964613
1249,0.028880656781061467,0.32370644773964613,0.32370644773964613,0.32370644773964613
1250,0.028880656781061467,0.32370644773964613,0.32370644773964613,0.32370644773964613
1251,0.028880656781061467,0.32370644773964613,0.32370644773964613,0.32370644773964613
1252,0.028880656781061467,0.32370644773964613,0.32370644773964613,0.32370644773964613
1253,0.028880656781061467,0.32370644773964613,0.32370644773964613,0.32370644773964613
1254,0.028880656781061467,0.32370644773964613,0.32370644773964613,0.32370644773964613
1255,0.028880656781061467,0.32370644773964613,0.32370644773964613,0.32370644773964613
1256,0.028880656781061467,0.32370644773964613,0.32370644773964613,0.32370644773964613
1257,0.028880656781061467,0.32370644773964613,0.32370644773964613,0.32370644773964613
1258,0.028880656781061467,0.32370644773964613,0.32370644773964613,0.32370644773964613
1259,0.028880656781061467,0.32370644773964613,0.32370644773964613,0.32370644773964613
1260,0.16758551505351796,0.27747149498216067,0.27747149498216067,0.27747149498216067
1261,0.16758551505351796,0.27747149498216067,0.27747149498216067,0.27747149498216067
1262,0.16758551505351796,0.27747149498216067,0.27747149498216067,0.27747149498216067
1263,0.16758551505351796,0.27747149498216067,0.27747149498216067,0.27747149498216067
1264,0.16758551505351796,0.27747149498216067,0.27747149498216067,0.27747149498216067
1265,0.16758551505351796,0.27747149498216067,0.27747149498216067,0.27747149498216067
1266,0.16758551505351796,0.27747149498216067,0.27747149498216067,0.27747149498216067
1267,0.16758551505351796,0.27747149498216067,0.27747149498216067,0.27747149498216067
1268,0.16758551505351796,0.27747149498216067,0.27747149498216067,0.27747149498216067
1269,0.16758551505351796,0.27747149498216067,0.27747149498216067,0.27747149498216067
1270,0.16758551505351796,0.27747149498216067,0.27747149498216067,0.27747149498216067
1271,0.16758551505351796,0.27747149498216067,0.27747149498216067,0.27747149498216067
1272,0.16758551505351796,0.27747149498216067,0.27747149498216067,0.27747149498216067
1273,0.16758551505351796,0.27747149498216067,0.27747149498216067,0.27747149498216067
1274,0.16758551505351796,0.27747149498216067,0.27747149498216067,0.27747149498216067
1275,0.16758551505351796,0.27747149498216067,0.27747149498216067,0.27747149498216067
1276,0.16758551505351796,0.27747149498216067,0.27747149498216067,0.27747149498216067
1277,0.16758551505351796,0.27747149498216067,0.27747149498216067,0.27747149498216067
1278,0.16758551505351796,0.27747149498216067,0.27747149498216067,0.27747149498216067
1279,0.16758551505351796,0.27747149498216067,0.27747149498216067,0.27747149498216067
1280,0.25,0.25,0.25,0.25
1281,0.25,0.25,0.25,0.25
1282,0.25,0.25,0.25,0.25
1283,0.25,0.25,0.25,0.25
1284,0.25,0.25,0.25,0.25
1285,0.25,0.25,0.25,0.25
1286,0.25,0.25,0.25,0.25
1287,0.25,0.25,0.25,0.25
1288,0.25,0.25,0.25,0.25
1289,0.25,0.25,0.25,0.25
1290,0.25,0.25,0.25,0.25
1291,0.25,0.25,0.25,0.25
1292,0.25,0.25,0.25,0.25
1293,0.25,0.25,0.25,0.25
1294,0.25,0.25,0.25,0.25
1295,0.25,0.25,0.25,0.25
1296,0.25,0.25,0.25,0.25
1297,0.25,0.25,0.25,0.25
1298,0.25,0.25,0.25,0.25
1299,0.25,0.25,0.25,0.25
1300,0.25,0.25,0.25,0.25
1301,0.25,0.25,0.25,0.25
1302,0.25,0.25,0.25,0.25
1303,0.25,0.25,0.25,0.25
1304,0.25,0.25,0.25,0.25
1305,0.25,0.25,0.25,0.25
1306,0.25,0.25,0.25,0.25
1307,0.25,0.25,0.25,0.25
1308,0.25,0.25,0.25,0.25
1309,0.25,0.25,0.25,0.25
1310,0.25,0.25,0.25,0.25
1311,0.25,0.25,0.25,0.25
1312,0.25,0.25,0.25,0.25
1313,0.25,0.25,0.25,0.25
1314,0.25,0.25,0.25,0.25
1315,0.25,0.25,0.25,0.25
1316,0.25,0.25,0.25,0.25
1317,0.25,0.25,0.25,0.25
1318,0.25,0.25,0.25,0.25
1319,0.25,0.25,0.25,0.25
1320,0.25,0.25,0.25,0.25
1321,0.25,0.25,0.25,0.25
1322,0.25,0.25,0.25,0.25
1323,0.25,0.25,0.25,0.25
1324,0.25,0.25,0.25,0.25
1325,0.25,0.25,0.25,0.25
1326,0.25,0.25,0.25,0.25
1327,0.25,0.25,0.25,0.25
1328,0.25,0.25,0.25,0.25
1329,0.25,0.25,0.25,0.25
1330,0.25,0.25,0.25,0.25
1331,0.25,0.25,0.25,0.25
1332,0.25,0.25,0.25,0.25
1333,0.25,0.25,0.25,0.25
1334,0.25,0.25,0.25,0.25
1335,0.25,0.25,0.25,0.25
1336,0.25,0.25,0.25,0.25
1337,0.25,0.25,0.25,0.25
1338,0.25,0.25,0.25,0.25
1339,0.25,0.25,0.25,0.25
1340,0.2691532210285254,0.2691532210285254,0.2691532210285254,0.1925403369144237
1341,0.2691532210285254,0.2691532210285254,0.2691532210285254,0.1925403369144237
1342,0.2691532210285254,0.2691532210285254,0.2691532210285254,0.1925403369144237
1343,0.2691532210285254,0.2691532210285254,0.2691532210285254,0.1925403369144237
1344,0.2691532210285254,0.2691532210285254,0.2691532210285254,0.1925403369144237
1345,0.2691532210285254,0.2691532210285254,0.2691532210285254,0.1925403369144237
1346,0.2691532210285254,0.2691532210285254,0.2691532210285254,0.1925403369144237
1347,0.2691532210285254,0.2691532210285254,0.2691532210285254,0.1925403369144237
1348,0.2691532210285254,0.2691532210285254,0.2691532210285254,0.1925403369144237
1349,0.2691532210285254,0.2691532210285254,0.2691532210285254,0.1925403369144237
1350,0.2691532210285254,0.2691532210285254,0.2691532210285254,0.1925403369144237
1351,0.2691532210285254,0.2691532210285254,0.2691532210285254,0.1925403369144237
1352,0.2691532210285254,0.2691532210285254,0.2691532210285254,0.1925403369144237
1353,0.2691532210285254,0.2691532210285254,0.2691532210285254,0.1925403369144237
1354,0.2691532210285254,0.2691532210285254,0.2691532210285254,0.1925403369144237
1355,0.2691532210285254,0.2691532210285254,0.2691532210285254,0.1925403369144237
1356,0.2691532210285254,0.2691532210285254,0.2691532210285254,0.1925403369144237
1357,0.2691532210285254,0.2691532210285254,0.2691532210285254,0.1925403369144237
1358,0.2691532210285254,0.2691532210285254,0.2691532210285254,0.1925403369144237
1359,0.2691532210285254,0.2691532210285254,0.2691532210285254,0.1925403369144237
1360,0.36804126109330987,0.26391747781338026,0.36804126109330987,0.0
1361,0.36804126109330987,0.26391747781338026,0.36804126109330987,0.0
1362,0.36804126109330987,0.26391747781338026,0.36804126109330987,0.0
1363,0.36804126109330987,0.26391747781338026,0.36804126109330987,0.0
1364,0.36804126109330987,0.26391747781338026,0.36804126109330987,0.0
1365,0.36804126109330987,0.26391747781338026,0.36804126109330987,0.0
1366,0.36804126109330987,0.26391747781338026,0.36804126109330987,0.0
1367,0.36804126109330987,0.26391747781338026,0.36804126109330987,0.0
1368,0.36804126109330987,0.26391747781338026,0.36804126109330987,0.0
1369,0.36804126109330987,0.26391747781338026,0.36804126109330987,0.0
1370,0.36804126109330987,0.26391747781338026,0.36804126109330987,0.0
1371,0.36804126109330987,0.26391747781338026,0.36804126109330987,0.0
1372,0.36804126109330987,0.26391747781338026,0.36804126109330987,0.0
1373,0.36804126109330987,0.26391747781338026,0.36804126109330987,0.0
1374,0.36804126109330987,0.26391747781338026,0.36804126109330987,0.0
1375,0.36804126109330987,0.26391747781338026,0.36804126109330987,0.0
1376,0.36804126109330987,0.26391747781338026,0.36804126109330987,0.0
1377,0.36804126109330987,0.26391747781338026,0.36804126109330987,0.0
1378,0.36804126109330987,0.26391747781338026,0.36804126109330987,0.0
1379,0.36804126109330987,0.26391747781338026,0.36804126109330987,0.0
1380,0.3333333333333333,0.3333333333333333,0.3333333333333333,0.0
1381,0.3333333333333333,0.3333333333333333,0.3333333333333333,0.0
1382,0.3333333333333333,0.3333333333333333,0.3333333333333333,0.0
1383,0.3333333333333333,0.3333333333333333,0.3333333333333333,0.0
1384,0.3333333333333333,0.3333333333333333,0.3333333333333333,0.0
1385,0.3333333333333333,0.3333333333333333,0.3333333333333333,0.0
1386,0.3333333333333333,0.3333333333333333,0.3333333333333333,0.0
1387,0.3333333333333333,0.3333333333333333,0.3333333333333333,0.0
1388,0.3333333333333333,0.3333333333333333,0.3333333333333333,0.0
1389,0.3333333333333333,0.3333333333333333,0.3333333333333333,0.0
1390,0.3333333333333333,0.3333333333333333,0.3333333333333333,0.0
1391,0.3333333333333333,0.3333333333333333,0.3333333333333333,0.0
1392,0.3333333333333333,0.3333333333333333,0.3333333333333333,0.0
1393,0.3333333333333333,0.3333333333333333,0.3333333333333333,0.0
1394,0.3333333333333333,0.3333333333333333,0.3333333333333333,0.0
1395,0.3333333333333333,0.3333333333333333,0.3333333333333333,0.0
1396,0.3333333333333333,0.3333333333333333,0.3333333333333333,0.0
1397,0.3333333333333333,0.3333333333333333,0.3333333333333333,0.0
1398,0.3333333333333333,0.3333333333333333,0.3333333333333333,0.0
1399,0.3333333333333333,0.3333333333333333,0.3333333333333333,0.0
1400,0.3333333333333333,0.3333333333333333,0.3333333333333333,0.0
1401,0.3333333333333333,0.3333333333333333,0.3333333333333333,0.0
1402,0.3333333333333333,0.3333333333333333,0.3333333333333333,0.0
1403,0.3333333333333333,0.3333333333333333,0.3333333333333333,0.0
1404,0.3333333333333333,0.3333333333333333,0.3333333333333333,0.0
1405,0.3333333333333333,0.3333333333333333,0.3333333333333333,0.0
1406,0.3333333333333333,0.3333333333333333,0.3333333333333333,0.0
1407,0.3333333333333333,0.3333333333333333,0.3333333333333333,0.0
1408,0.3333333333333333,0.3333333333333333,0.3333333333333333,0.0
1409,0.3333333333333333,0.3333333333333333,0.3333333333333333,0.0
1410,0.3333333333333333,0.3333333333333333,0.3333333333333333,0.0
1411,0.3333333333333333,0.3333333333333333,0.3333333333333333,0.0
1412,0.3333333333333333,0.3333333333333333,0.3333333333333333,0.0
1413,0.3333333333333333,0.3333333333333333,0.3333333333333333,0.0
1414,0.3333333333333333,0.3333333333333333,0.3333333333333333,0.0
1415,0.3333333333333333,0.3333333333333333,0.3333333333333333,0.0
1416,0.3333333333333333,0.3333333333333333,0.3333333333333333,0.0
1417,0.3333333333333333,0.3333333333333333,0.3333333333333333,0.0
1418,0.3333333333333333,0.3333333333333333,0.3333333333333333,0.0
1419,0.3333333333333333,0.3333333333333333,0.3333333333333333,0.0
1420,0.3333333333333333,0.3333333333333333,0.3333333333333333,0.0
1421,0.3333333333333333,0.3333333333333333,0.3333333333333333,0.0
1422,0.3333333333333333,0.3333333333333333,0.3333333333333333,0.0
1423,0.3333333333333333,0.3333333333333333,0.3333333333333333,0.0
1424,0.3333333333333333,0.3333333333333333,0.3333333333333333,0.0
1425,0.3333333333333333,0.3333333333333333,0.3333333333333333,0.0
1426,0.3333333333333333,0.3333333333333333,0.3333333333333333,0.0
1427,0.3333333333333333,0.3333333333333333,0.3333333333333333,0.0
1428,0.3333333333333333,0.3333333333333333,0.3333333333333333,0.0
1429,0.3333333333333333,0.3333333333333333,0.3333333333333333,0.0
1430,0.3333333333333333,0.3333333333333333,0.3333333333333333,0.0
1431,0.3333333333333333,0.3333333333333333,0.3333333333333333,0.0
1432,0.3333333333333333,0.3333333333333333,0.3333333333333333,0.0
1433,0.3333333333333333,0.3333333333333333,0.3333333333333333,0.0
1434,0.3333333333333333,0.3333333333333333,0.3333333333333333,0.0
1435,0.3333333333333333,0.3333333333333333,0.3333333333333333,0.0
1436,0.3333333333333333,0.3333333333333333,0.3333333333333333,0.0
1437,0.3333333333333333,0.3333333333333333,0.3333333333333333,0.0
1438,0.3333333333333333,0.3333333333333333,0.3333333333333333,0.0
1439,0.3333333333333333,0.3333333333333333,0.3333333333333333,0.0
1440,0.5,0.0,0.5,0.0
1441,0.5,0.0,0.5,0.0
1442,0.5,0.0,0.5,0.0
1443,0.5,0.0,0.5,0.0
1444,0.5,0.0,0.5,0.0
1445,0.5,0.0,0.5,0.0
1446,0.5,0.0,0.5,0.0
1447,0.5,0.0,0.5,0.0
1448,0.5,0.0,0.5,0.0
1449,0.5,0.0,0.5,0.0
1450,0.5,0.0,0.5,0.0
1451,0.5,0.0,0.5,0.0
1452,0.5,0.0,0.5,0.0
1453,0.5,0.0,0.5,0.0
1454,0.5,0.0,0.5,0.0
1455,0.5,0.0,0.5,0.0
1456,0.5,0.0,0.5,0.0
1457,0.5,0.0,0.5,0.0
1458,0.5,0.0,0.5,0.0
1459,0.5,0.0,0.5,0.0
1460,0.5,0.0,0.5,0.0
1461,0.5,0.0,0.5,0.0
1462,0.5,0.0,0.5,0.0
1463,0.5,0.0,0.5,0.0
1464,0.5,0.0,0.5,0.0
1465,0.5,0.0,0.5,0.0
1466,0.5,0.0,0.5,0.0
1467,0.5,0.0,0.5,0.0
1468,0.5,0.0,0.5,0.0
1469,0.5,0.0,0.5,0.0
1470,0.5,0.0,0.5,0.0
1471,0.5,0.0,0.5,0.0
1472,0.5,0.0,0.5,0.0
1473,0.5,0.0,0.5,0.0
1474,0.5,0.0,0.5,0.0
1475,0.5,0.0,0.5,0.0
1476,0.5,0.0,0.5,0.0
1477,0.5,0.0,0.5,0.0
1478,0.5,0.0,0.5,0.0
1479,0.5,0.0,0.5,0.0
1480,0.5,0.0,0.5,0.0
1481,0.5,0.0,0.5,0.0
1482,0.5,0.0,0.5,0.0
1483,0.5,0.0,0.5,0.0
1484,0.5,0.0,0.5,0.0
1485,0.5,0.0,0.5,0.0
1486,0.5,0.0,0.5,0.0
1487,0.5,0.0,0.5,0.0
1488,0.5,0.0,0.5,0.0
1489,0.5,0.0,0.5,0.0
1490,0.5,0.0,0.5,0.0
1491,0.5,0.0,0.5,0.0
1492,0.5,0.0,0.5,0.0
1493,0.5,0.0,0.5,0.0
1494,0.5,0.0,0.5,0.0
1495,0.5,0.0,0.5,0.0
1496,0.5,0.0,0.5,0.0
1497,0.5,0.0,0.5,0.0
1498,0.5,0.0,0.5,0.0
1499,0.5,0.0,0.5,0.0
1500,0.5,0.0,0.5,0.0
1501,0.5,0.0,0.5,0.0
1502,0.5,0.0,0.5,0.0
1503,0.5,0.0,0.5,0.0
1504,0.5,0.0,0.5,0.0
1505,0.5,0.0,0.5,0.0
1506,0.5,0.0,0.5,0.0
1507,0.5,0.0,0.5,0.0
1508,0.5,0.0,0.5,0.0
1509,0.5,0.0,0.5,0.0
1510,0.5,0.0,0.5,0.0
1511,0.5,0.0,0.5,0.0
1512,0.5,0.0,0.5,0.0
1513,0.5,0.0,0.5,0.0
1514,0.5,0.0,0.5,0.0
1515,0.5,0.0,0.5,0.0
1516,0.5,0.0,0.5,0.0
1517,0.5,0.0,0.5,0.0
1518,0.5,0.0,0.5,0.0
1519,0.5,0.0,0.5,0.0
1520,0.5,0.0,0.5,0.0
1521,0.5,0.0,0.5,0.0
1522,0.5,0.0,0.5,0.0
1523,0.5,0.0,0.5,0.0
1524,0.5,0.0,0.5,0.0
1525,0.5,0.0,0.5,0.0
1526,0.5,0.0,0.5,0.0
1527,0.5,0.0,0.5,0.0
1528,0.5,0.0,0.5,0.0
1529,0.5,0.0,0.5,0.0
1530,0.5,0.0,0.5,0.0
1531,0.5,0.0,0.5,0.0
1532,0.5,0.0,0.5,0.0
1533,0.5,0.0,0.5,0.0
1534,0.5,0.0,0.5,0.0
1535,0.5,0.0,0.5,0.0
1536,0.5,0.0,0.5,0.0
1537,0.5,0.0,0.5,0.0
1538,0.5,0.0,0.5,0.0
1539,0.5,0.0,0.5,0.0
1540,0.5,0.0,0.5,0.0
1541,0.5,0.0,0.5,0.0
1542,0.5,0.0,0.5,0.0
1543,0.5,0.0,0.5,0.0
1544,0.5,0.0,0.5,0.0
1545,0.5,0.0,0.5,0.0
1546,0.5,0.0,0.5,0.0
1547,0.5,0.0,0.5,0.0
1548,0.5,0.0,0.5,0.0
1549,0.5,0.0,0.5,0.0
1550,0.5,0.0,0.5,0.0
1551,0.5,0.0,0.5,0.0
1552,0.5,0.0,0.5,0.0
1553,0.5,0.0,0.5,0.0
1554,0.5,0.0,0.5,0.0
1555,0.5,0.0,0.5,0.0
1556,0.5,0.0,0.5,0.0
1557,0.5,0.0,0.5,0.0
1558,0.5,0.0,0.5,0.0
1559,0.5,0.0,0.5,0.0
1560,0.5,0.0,0.5,0.0
1561,0.5,0.0,0.5,0.0
1562,0.5,0.0,0.5,0.0
1563,0.5,0.0,0.5,0.0
1564,0.5,0.0,0.5,0.0
1565,0.5,0.0,0.5,0.0
1566,0.5,0.0,0.5,0.0
1567,0.5,0.0,0.5,0.0
1568,0.5,0.0,0.5,0.0
1569,0.5,0.0,0.5,0.0
1570,0.5,0.0,0.5,0.0
1571,0.5,0.0,0.5,0.0
1572,0.5,0.0,0.5,0.0
1573,0.5,0.0,0.5,0.0
1574,0.5,0.0,0.5,0.0
1575,0.5,0.0,0.5,0.0
1576,0.5,0.0,0.5,0.0
1577,0.5,0.0,0.5,0.0
1578,0.5,0.0,0.5,0.0
1579,0.5,0.0,0.5,0.0
1580,0.1596636702176566,0.0,0.8403363297823433,0.0
1581,0.1596636702176566,0.0,0.8403363297823433,0.0
1582,0.1596636702176566,0.0,0.8403363297823433,0.0
1583,0.1596636702176566,0.0,0.8403363297823433,0.0
1584,0.1596636702176566,0.0,0.8403363297823433,0.0
1585,0.1596636702176566,0.0,0.8403363297823433,0.0
1586,0.1596636702176566,0.0,0.8403363297823433,0.0
1587,0.1596636702176566,0.0,0.8403363297823433,0.0
1588,0.1596636702176566,0.0,0.8403363297823433,0.0
1589,0.1596636702176566,0.0,0.8403363297823433,0.0
1590,0.1596636702176566,0.0,0.8403363297823433,0.0
1591,0.1596636702176566,0.0,0.8403363297823433,0.0
1592,0.1596636702176566,0.0,0.8403363297823433,0.0
1593,0.1596636702176566,0.0,0.8403363297823433,0.0
1594,0.1596636702176566,0.0,0.8403363297823433,0.0
1595,0.1596636702176566,0.0,0.8403363297823433,0.0
1596,0.1596636702176566,0.0,0.8403363297823433,0.0
1597,0.1596636702176566,0.0,0.8403363297823433,0.0
1598,0.1596636702176566,0.0,0.8403363297823433,0.0
1599,0.1596636702176566,0.0,0.8403363297823433,0.0
1600,0.0,0.5,0.5,0.0
1601,0.0,0.5,0.5,0.0
1602,0.0,0.5,0.5,0.0
1603,0.0,0.5,0.5,0.0
1604,0.0,0.5,0.5,0.0
1605,0.0,0.5,0.5,0.0
1606,0.0,0.5,0.5,0.0
1607,0.0,0.5,0.5,0.0
1608,0.0,0.5,0.5,0.0
1609,0.0,0.5,0.5,0.0
1610,0.0,0.5,0.5,0.0
1611,0.0,0.5,0.5,0.0
1612,0.0,0.5,0.5,0.0
1613,0.0,0.5,0.5,0.0
1614,0.0,0.5,0.5,0.0
1615,0.0,0.5,0.5,0.0
1616,0.0,0.5,0.5,0.0
1617,0.0,0.5,0.5,0.0
1618,0.0,0.5,0.5,0.0
1619,0.0,0.5,0.5,0.0
1620,0.0,0.5,0.5,0.0
1621,0.0,0.5,0.5,0.0
1622,0.0,0.5,0.5,0.0
1623,0.0,0.5,0.5,0.0
1624,0.0,0.5,0.5,0.0
1625,0.0,0.5,0.5,0.0
1626,0.0,0.5,0.5,0.0
1627,0.0,0.5,0.5,0.0
1628,0.0,0.5,0.5,0.0
1629,0.0,0.5,0.5,0.0
1630,0.0,0.5,0.5,0.0
1631,0.0,0.5,0.5,0.0
1632,0.0,0.5,0.5,0.0
1633,0.0,0.5,0.5,0.0
1634,0.0,0.5,0.5,0.0
1635,0.0,0.5,0.5,0.0
1636,0.0,0.5,0.5,0.0
1637,0.0,0.5,0.5,0.0
1638,0.0,0.5,0.5,0.0
1639,0.0,0.5,0.5,0.0
1640,0.0,0.5,0.5,0.0
1641,0.0,0.5,0.5,0.0
1642,0.0,0.5,0.5,0.0
1643,0.0,0.5,0.5,0.0
1644,0.0,0.5,0.5,0.0
1645,0.0,0.5,0.5,0.0
1646,0.0,0.5,0.5,0.0
1647,0.0,0.5,0.5,0.0
1648,0.0,0.5,0.5,0.0
1649,0.0,0.5,0.5,0.0
1650,0.0,0.5,0.5,0.0
1651,0.0,0.5,0.5,0.0
1652,0.0,0.5,0.5,0.0
1653,0.0,0.5,0.5,0.0
1654,0.0,0.5,0.5,0.0
1655,0.0,0.5,0.5,0.0
1656,0.0,0.5,0.5,0.0
1657,0.0,0.5,0.5,0.0
1658,0.0,0.5,0.5,0.0
1659,0.0,0.5,0.5,0.0
1660,0.25,0.25,0.25,0.25
1661,0.25,0.25,0.25,0.25
1662,0.25,0.25,0.25,0.25
1663,0.25,0.25,0.25,0.25
1664,0.25,0.25,0.25,0.25
1665,0.25,0.25,0.25,0.25
1666,0.25,0.25,0.25,0.25
1667,0.25,0.25,0.25,0.25
1668,0.25,0.25,0.25,0.25
1669,0.25,0.25,0.25,0.25
1670,0.25,0.25,0.25,0.25
1671,0.25,0.25,0.25,0.25
1672,0.25,0.25,0.25,0.25
1673,0.25,0.25,0.25,0.25
1674,0.25,0.25,0.25,0.25
1675,0.25,0.25,0.25,0.25
1676,0.25,0.25,0.25,0.25
1677,0.25,0.25,0.25,0.25
1678,0.25,0.25,0.25,0.25
1679,0.25,0.25,0.25,0.25
1680,0.0,1.0,0.0,0.0
1681,0.0,1.0,0.0,0.0
1682,0.0,1.0,0.0,0.0
1683,0.0,1.0,0.0,0.0
1684,0.0,1.0,0.0,0.0
1685,0.0,1.0,0.0,0.0
1686,0.0,1.0,0.0,0.0
1687,0.0,1.0,0.0,0.0
1688,0.0,1.0,0.0,0.0
1689,0.0,1.0,0.0,0.0
1690,0.0,1.0,0.0,0.0
1691,0.0,1.0,0.0,0.0
1692,0.0,1.0,0.0,0.0
1693,0.0,1.0,0.0,0.0
1694,0.0,1.0,0.0,0.0
1695,0.0,1.0,0.0,0.0
1696,0.0,1.0,0.0,0.0
1697,0.0,1.0,0.0,0.0
1698,0.0,1.0,0.0,0.0
1699,0.0,1.0,0.0,0.0
1700,0.25,0.25,0.25,0.25
1701,0.25,0.25,0.25,0.25
1702,0.25,0.25,0.25,0.25
1703,0.25,0.25,0.25,0.25
1704,0.25,0.25,0.25,0.25
1705,0.25,0.25,0.25,0.25
1706,0.25,0.25,0.25,0.25
1707,0.25,0.25,0.25,0.25
1708,0.25,0.25,0.25,0.25
1709,0.25,0.25,0.25,0.25
1710,0.25,0.25,0.25,0.25
1711,0.25,0.25,0.25,0.25
1712,0.25,0.25,0.25,0.25
1713,0.25,0.25,0.25,0.25
1714,0.25,0.25,0.25,0.25
1715,0.25,0.25,0.25,0.25
1716,0.25,0.25,0.25,0.25
1717,0.25,0.25,0.25,0.25
1718,0.25,0.25,0.25,0.25
1719,0.25,0.25,0.25,0.25
1720,0.25,0.25,0.25,0.25
1721,0.25,0.25,0.25,0.25
1722,0.25,0.25,0.25,0.25
1723,0.25,0.25,0.25,0.25
1724,0.25,0.25,0.25,0.25
1725,0.25,0.25,0.25,0.25
1726,0.25,0.25,0.25,0.25
1727,0.25,0.25,0.25,0.25
1728,0.25,0.25,0.25,0.25
1729,0.25,0.25,0.25,0.25
1730,0.25,0.25,0.25,0.25
1731,0.25,0.25,0.25,0.25
1732,0.25,0.25,0.25,0.25
1733,0.25,0.25,0.25,0.25
1734,0.25,0.25,0.25,0.25
1735,0.25,0.25,0.25,0.25
1736,0.25,0.25,0.25,0.25
1737,0.25,0.25,0.25,0.25
1738,0.25,0.25,0.25,0.25
1739,0.25,0.25,0.25,0.25
1740,0.25,0.25,0.25,0.25
1741,0.25,0.25,0.25,0.25
1742,0.25,0.25,0.25,0.25
1743,0.25,0.25,0.25,0.25
1744,0.25,0.25,0.25,0.25
1745,0.25,0.25,0.25,0.25
1746,0.25,0.25,0.25,0.25
1747,0.25,0.25,0.25,0.25
1748,0.25,0.25,0.25,0.25
1749,0.25,0.25,0.25,0.25
1750,0.25,0.25,0.25,0.25
1751,0.25,0.25,0.25,0.25
1752,0.25,0.25,0.25,0.25
1753,0.25,0.25,0.25,0.25
1754,0.25,0.25,0.25,0.25
1755,0.25,0.25,0.25,0.25
1756,0.25,0.25,0.25,0.25
1757,0.25,0.25,0.25,0.25
1758,0.25,0.25,0.25,0.25
1759,0.25,0.25,0.25,0.25
1760,0.25,0.25,0.25,0.25
1761,0.25,0.25,0.25,0.25
1762,0.25,0.25,0.25,0.25
1763,0.25,0.25,0.25,0.25
1764,0.25,0.25,0.25,0.25
1765,0.25,0.25,0.25,0.25
1766,0.25,0.25,0.25,0.25
1767,0.25,0.25,0.25,0.25
1768,0.25,0.25,0.25,0.25
1769,0.25,0.25,0.25,0.25
1770,0.25,0.25,0.25,0.25
1771,0.25,0.25,0.25,0.25
1772,0.25,0.25,0.25,0.25
1773,0.25,0.25,0.25,0.25
1774,0.25,0.25,0.25,0.25
1775,0.25,0.25,0.25,0.25
1776,0.25,0.25,0.25,0.25
1777,0.25,0.25,0.25,0.25
1778,0.25,0.25,0.25,0.25
1779,0.25,0.25,0.25,0.25
1780,0.25,0.25,0.25,0.25
1781,0.25,0.25,0.25,0.25
1782,0.25,0.25,0.25,0.25
1783,0.25,0.25,0.25,0.25
1784,0.25,0.25,0.25,0.25
1785,0.25,0.25,0.25,0.25
1786,0.25,0.25,0.25,0.25
1787,0.25,0.25,0.25,0.25
1788,0.25,0.25,0.25,0.25
1789,0.25,0.25,0.25,0.25
1790,0.25,0.25,0.25,0.25
1791,0.25,0.25,0.25,0.25
1792,0.25,0.25,0.25,0.25
1793,0.25,0.25,0.25,0.25
1794,0.25,0.25,0.25,0.25
1795,0.25,0.25,0.25,0.25
1796,0.25,0.25,0.25,0.25
1797,0.25,0.25,0.25,0.25
1798,0.25,0.25,0.25,0.25
1799,0.25,0.25,0.25,0.25
1800,0.25,0.25,0.25,0.25
1801,0.25,0.25,0.25,0.25
1802,0.25,0.25,0.25,0.25
1803,0.25,0.25,0.25,0.25
1804,0.25,0.25,0.25,0.25
1805,0.25,0.25,0.25,0.25
1806,0.25,0.25,0.25,0.25
1807,0.25,0.25,0.25,0.25
1808,0.25,0.25,0.25,0.25
1809,0.25,0.25,0.25,0.25
1810,0.25,0.25,0.25,0.25
1811,0.25,0.25,0.25,0.25
1812,0.25,0.25,0.25,0.25
1813,0.25,0.25,0.25,0.25
1814,0.25,0.25,0.25,0.25
1815,0.25,0.25,0.25,0.25
1816,0.25,0.25,0.25,0.25
1817,0.25,0.25,0.25,0.25
1818,0.25,0.25,0.25,0.25
1819,0.25,0.25,0.25,0.25
1820,0.0,1.0,0.0,0.0
1821,0.0,1.0,0.0,0.0
1822,0.0,1.0,0.0,0.0
1823,0.0,1.0,0.0,0.0
1824,0.0,1.0,0.0,0.0
1825,0.0,1.0,0.0,0.0
1826,0.0,1.0,0.0,0.0
1827,0.0,1.0,0.0,0.0
1828,0.0,1.0,0.0,0.0
1829,0.0,1.0,0.0,0.0
1830,0.0,1.0,0.0,0.0
1831,0.0,1.0,0.0,0.0
1832,0.0,1.0,0.0,0.0
1833,0.0,1.0,0.0,0.0
1834,0.0,1.0,0.0,0.0
1835,0.0,1.0,0.0,0.0
1836,0.0,1.0,0.0,0.0
1837,0.0,1.0,0.0,0.0
1838,0.0,1.0,0.0,0.0
1839,0.0,1.0,0.0,0.0
1840,0.0,1.0,0.0,0.0
1841,0.0,1.0,0.0,0.0
1842,0.0,1.0,0.0,0.0
1843,0.0,1.0,0.0,0.0
1844,0.0,1.0,0.0,0.0
1845,0.0,1.0,0.0,0.0
1846,0.0,1.0,0.0,0.0
1847,0.0,1.0,0.0,0.0
1848,0.0,1.0,0.0,0.0
1849,0.0,1.0,0.0,0.0
1850,0.0,1.0,0.0,0.0
1851,0.0,1.0,0.0,0.0
1852,0.0,1.0,0.0,0.0
1853,0.0,1.0,0.0,0.0
1854,0.0,1.0,0.0,0.0
1855,0.0,1.0,0.0,0.0
1856,0.0,1.0,0.0,0.0
1857,0.0,1.0,0.0,0.0
1858,0.0,1.0,0.0,0.0
1859,0.0,1.0,0.0,0.0
1860,0.25,0.25,0.25,0.25
1861,0.25,0.25,0.25,0.25
1862,0.25,0.25,0.25,0.25
1863,0.25,0.25,0.25,0.25
1864,0.25,0.25,0.25,0.25
1865,0.25,0.25,0.25,0.25
1866,0.25,0.25,0.25,0.25
1867,0.25,0.25,0.25,0.25
1868,0.25,0.25,0.25,0.25
1869,0.25,0.25,0.25,0.25
1870,0.25,0.25,0.25,0.25
1871,0.25,0.25,0.25,0.25
1872,0.25,0.25,0.25,0.25
1873,0.25,0.25,0.25,0.25
1874,0.25,0.25,0.25,0.25
1875,0.25,0.25,0.25,0.25
1876,0.25,0.25,0.25,0.25
1877,0.25,0.25,0.25,0.25
1878,0.25,0.25,0.25,0.25
1879,0.25,0.25,0.25,0.25
1880,0.0,1.0,0.0,0.0
1881,0.0,1.0,0.0,0.0
1882,0.0,1.0,0.0,0.0
1883,0.0,1.0,0.0,0.0
1884,0.0,1.0,0.0,0.0
1885,0.0,1.0,0.0,0.0
1886,0.0,1.0,0.0,0.0
1887,0.0,1.0,0.0,0.0
1888,0.0,1.0,0.0,0.0
1889,0.0,1.0,0.0,0.0
1890,0.0,1.0,0.0,0.0
1891,0.0,1.0,0.0,0.0
1892,0.0,1.0,0.0,0.0
1893,0.0,1.0,0.0,0.0
1894,0.0,1.0,0.0,0.0
1895,0.0,1.0,0.0,0.0
1896,0.0,1.0,0.0,0.0
1897,0.0,1.0,0.0,0.0
1898,0.0,1.0,0.0,0.0
1899,0.0,1.0,0.0,0.0
1900,0.0,1.0,0.0,0.0
1901,0.0,1.0,0.0,0.0
1902,0.0,1.0,0.0,0.0
1903,0.0,1.0,0.0,0.0
1904,0.0,1.0,0.0,0.0
1905,0.0,1.0,0.0,0.0
1906,0.0,1.0,0.0,0.0
1907,0.0,1.0,0.0,0.0
1908,0.0,1.0,0.0,0.0
1909,0.0,1.0,0.0,0.0
1910,0.0,1.0,0.0,0.0
1911,0.0,1.0,0.0,0.0
1912,0.0,1.0,0.0,0.0
1913,0.0,1.0,0.0,0.0
1914,0.0,1.0,0.0,0.0
1915,0.0,1.0,0.0,0.0
1916,0.0,1.0,0.0,0.0
1917,0.0,1.0,0.0,0.0
1918,0.0,1.0,0.0,0.0
1919,0.0,1.0,0.0,0.0
1920,0.0,0.7080541140042661,0.29194588599573396,0.0
1921,0.0,0.7080541140042661,0.29194588599573396,0.0
1922,0.0,0.7080541140042661,0.29194588599573396,0.0
1923,0.0,0.7080541140042661,0.29194588599573396,0.0
1924,0.0,0.7080541140042661,0.29194588599573396,0.0
1925,0.0,0.7080541140042661,0.29194588599573396,0.0
1926,0.0,0.7080541140042661,0.29194588599573396,0.0
1927,0.0,0.7080541140042661,0.29194588599573396,0.0
1928,0.0,0.7080541140042661,0.29194588599573396,0.0
1929,0.0,0.7080541140042661,0.29194588599573396,0.0
1930,0.0,0.7080541140042661,0.29194588599573396,0.0
1931,0.0,0.7080541140042661,0.29194588599573396,0.0
1932,0.0,0.7080541140042661,0.29194588599573396,0.0
1933,0.0,0.7080541140042661,0.29194588599573396,0.0
1934,0.0,0.7080541140042661,0.29194588599573396,0.0
1935,0.0,0.7080541140042661,0.29194588599573396,0.0
1936,0.0,0.7080541140042661,0.29194588599573396,0.0
1937,0.0,0.7080541140042661,0.29194588599573396,0.0
1938,0.0,0.7080541140042661,0.29194588599573396,0.0
1939,0.0,0.7080541140042661,0.29194588599573396,0.0
1940,0.3333333333333333,0.3333333333333333,0.3333333333333333,0.0
1941,0.3333333333333333,0.3333333333333333,0.3333333333333333,0.0
1942,0.3333333333333333,0.3333333333333333,0.3333333333333333,0.0
1943,0.3333333333333333,0.3333333333333333,0.3333333333333333,0.0
1944,0.3333333333333333,0.3333333333333333,0.3333333333333333,0.0
1945,0.3333333333333333,0.3333333333333333,0.3333333333333333,0.0
1946,0.3333333333333333,0.3333333333333333,0.3333333333333333,0.0
1947,0.3333333333333333,0.3333333333333333,0.3333333333333333,0.0
1948,0.3333333333333333,0.3333333333333333,0.3333333333333333,0.0
1949,0.3333333333333333,0.3333333333333333,0.3333333333333333,0.0
1950,0.3333333333333333,0.3333333333333333,0.3333333333333333,0.0
1951,0.3333333333333333,0.3333333333333333,0.3333333333333333,0.0
1952,0.3333333333333333,0.3333333333333333,0.3333333333333333,0.0
1953,0.3333333333333333,0.3333333333333333,0.3333333333333333,0.0
1954,0.3333333333333333,0.3333333333333333,0.3333333333333333,0.0
1955,0.3333333333333333,0.3333333333333333,0.3333333333333333,0.0
1956,0.3333333333333333,0.3333333333333333,0.3333333333333333,0.0
1957,0.3333333333333333,0.3333333333333333,0.3333333333333333,0.0
1958,0.3333333333333333,0.3333333333333333,0.3333333333333333,0.0
1959,0.3333333333333333,0.3333333333333333,0.3333333333333333,0.0
1960,0.25714477215219106,0.3714276139239045,0.3714276139239045,0.0
1961,0.25714477215219106,0.3714276139239045,0.3714276139239045,0.0
1962,0.25714477215219106,0.3714276139239045,0.3714276139239045,0.0
1963,0.25714477215219106,0.3714276139239045,0.3714276139239045,0.0
1964,0.25714477215219106,0.3714276139239045,0.3714276139239045,0.0
1965,0.25714477215219106,0.3714276139239045,0.3714276139239045,0.0
1966,0.25714477215219106,0.3714276139239045,0.3714276139239045,0.0
1967,0.25714477215219106,0.3714276139239045,0.3714276139239045,0.0
1968,0.25714477215219106,0.3714276139239045,0.3714276139239045,0.0
1969,0.25714477215219106,0.3714276139239045,0.3714276139239045,0.0
1970,0.25714477215219106,0.3714276139239045,0.3714276139239045,0.0
1971,0.25714477215219106,0.3714276139239045,0.3714276139239045,0.0
1972,0.25714477215219106,0.3714276139239045,0.3714276139239045,0.0
1973,0.25714477215219106,0.3714276139239045,0.3714276139239045,0.0
1974,0.25714477215219106,0.3714276139239045,0.3714276139239045,0.0
1975,0.25714477215219106,0.3714276139239045,0.3714276139239045,0.0
1976,0.25714477215219106,0.3714276139239045,0.3714276139239045,0.0
1977,0.25714477215219106,0.3714276139239045,0.3714276139239045,0.0
1978,0.25714477215219106,0.3714276139239045,0.3714276139239045,0.0
1979,0.25714477215219106,0.3714276139239045,0.3714276139239045,0.0
1980,0.24871572273553588,0.37564213863223206,0.37564213863223206,0.0
1981,0.24871572273553588,0.37564213863223206,0.37564213863223206,0.0
1982,0.24871572273553588,0.37564213863223206,0.37564213863223206,0.0
1983,0.24871572273553588,0.37564213863223206,0.37564213863223206,0.0
1984,0.24871572273553588,0.37564213863223206,0.37564213863223206,0.0
1985,0.24871572273553588,0.37564213863223206,0.37564213863223206,0.0
1986,0.24871572273553588,0.37564213863223206,0.37564213863223206,0.0
1987,0.24871572273553588,0.37564213863223206,0.37564213863223206,0.0
1988,0.24871572273553588,0.37564213863223206,0.37564213863223206,0.0
1989,0.24871572273553588,0.37564213863223206,0.37564213863223206,0.0
1990,0.24871572273553588,0.37564213863223206,0.37564213863223206,0.0
1991,0.24871572273553588,0.37564213863223206,0.37564213863223206,0.0
1992,0.24871572273553588,0.37564213863223206,0.37564213863223206,0.0
1993,0.24871572273553588,0.37564213863223206,0.37564213863223206,0.0
1994,0.24871572273553588,0.37564213863223206,0.37564213863223206,0.0
1995,0.24871572273553588,0.37564213863223206,0.37564213863223206,0.0
1996,0.24871572273553588,0.37564213863223206,0.37564213863223206,0.0
1997,0.24871572273553588,0.37564213863223206,0.37564213863223206,0.0
1998,0.24871572273553588,0.37564213863223206,0.37564213863223206,0.0
1999,0.24871572273553588,0.37564213863223206,0.37564213863223206,0.0
2000,0.3333333333333333,0.3333333333333333,0.3333333333333333,0.0
2001,0.3333333333333333,0.3333333333333333,0.3333333333333333,0.0
2002,0.3333333333333333,0.3333333333333333,0.3333333333333333,0.0
2003,0.3333333333333333,0.3333333333333333,0.3333333333333333,0.0
2004,0.3333333333333333,0.3333333333333333,0.3333333333333333,0.0
2005,0.3333333333333333,0.3333333333333333,0.3333333333333333,0.0
2006,0.3333333333333333,0.3333333333333333,0.3333333333333333,0.0
2007,0.3333333333333333,0.3333333333333333,0.3333333333333333,0.0
2008,0.3333333333333333,0.3333333333333333,0.3333333333333333,0.0
2009,0.3333333333333333,0.3333333333333333,0.3333333333333333,0.0
2010,0.3333333333333333,0.3333333333333333,0.3333333333333333,0.0
2011,0.3333333333333333,0.3333333333333333,0.3333333333333333,0.0
2012,0.3333333333333333,0.3333333333333333,0.3333333333333333,0.0
2013,0.3333333333333333,0.3333333333333333,0.3333333333333333,0.0
2014,0.3333333333333333,0.3333333333333333,0.3333333333333333,0.0
2015,0.3333333333333333,0.3333333333333333,0.3333333333333333,0.0
2016,0.3333333333333333,0.3333333333333333,0.3333333333333333,0.0
2017,0.3333333333333333,0.3333333333333333,0.3333333333333333,0.0
2018,0.3333333333333333,0.3333333333333333,0.3333333333333333,0.0
2019,0.3333333333333333,0.3333333333333333,0.3333333333333333,0.0
2020,0.3333333333333333,0.3333333333333333,0.3333333333333333,0.0
2021,0.3333333333333333,0.3333333333333333,0.3333333333333333,0.0
2022,0.3333333333333333,0.3333333333333333,0.3333333333333333,0.0
2023,0.3333333333333333,0.3333333333333333,0.3333333333333333,0.0
2024,0.3333333333333333,0.3333333333333333,0.3333333333333333,0.0
2025,0.3333333333333333,0.3333333333333333,0.3333333333333333,0.0
2026,0.3333333333333333,0.3333333333333333,0.3333333333333333,0.0
2027,0.3333333333333333,0.3333333333333333,0.3333333333333333,0.0
2028,0.3333333333333333,0.3333333333333333,0.3333333333333333,0.0
2029,0.3333333333333333,0.3333333333333333,0.3333333333333333,0.0
2030,0.3333333333333333,0.3333333333333333,0.3333333333333333,0.0
2031,0.3333333333333333,0.3333333333333333,0.3333333333333333,0.0
2032,0.3333333333333333,0.3333333333333333,0.3333333333333333,0.0
2033,0.3333333333333333,0.3333333333333333,0.3333333333333333,0.0
2034,0.3333333333333333,0.3333333333333333,0.3333333333333333,0.0
2035,0.3333333333333333,0.3333333333333333,0.3333333333333333,0.0
2036,0.3333333333333333,0.3333333333333333,0.3333333333333333,0.0
2037,0.3333333333333333,0.3333333333333333,0.3333333333333333,0.0
2038,0.3333333333333333,0.3333333333333333,0.3333333333333333,0.0
2039,0.3333333333333333,0.3333333333333333,0.3333333333333333,0.0
2040,0.3333333333333333,0.3333333333333333,0.3333333333333333,0.0
2041,0.3333333333333333,0.3333333333333333,0.3333333333333333,0.0
2042,0.3333333333333333,0.3333333333333333,0.3333333333333333,0.0
2043,0.3333333333333333,0.3333333333333333,0.3333333333333333,0.0
2044,0.3333333333333333,0.3333333333333333,0.3333333333333333,0.0
2045,0.3333333333333333,0.3333333333333333,0.3333333333333333,0.0
2046,0.3333333333333333,0.3333333333333333,0.3333333333333333,0.0
2047,0.3333333333333333,0.3333333333333333,0.3333333333333333,0.0
2048,0.3333333333333333,0.3333333333333333,0.3333333333333333,0.0
2049,0.3333333333333333,0.3333333333333333,0.3333333333333333,0.0
2050,0.3333333333333333,0.3333333333333333,0.3333333333333333,0.0
2051,0.3333333333333333,0.3333333333333333,0.3333333333333333,0.0
2052,0.3333333333333333,0.3333333333333333,0.3333333333333333,0.0
2053,0.3333333333333333,0.3333333333333333,0.3333333333333333,0.0
2054,0.3333333333333333,0.3333333333333333,0.3333333333333333,0.0
2055,0.3333333333333333,0.3333333333333333,0.3333333333333333,0.0
2056,0.3333333333333333,0.3333333333333333,0.3333333333333333,0.0
2057,0.3333333333333333,0.3333333333333333,0.3333333333333333,0.0
2058,0.3333333333333333,0.3333333333333333,0.3333333333333333,0.0
2059,0.3333333333333333,0.3333333333333333,0.3333333333333333,0.0
2060,0.3333333333333333,0.3333333333333333,0.3333333333333333,0.0
2061,0.3333333333333333,0.3333333333333333,0.3333333333333333,0.0
2062,0.3333333333333333,0.3333333333333333,0.3333333333333333,0.0
2063,0.3333333333333333,0.3333333333333333,0.3333333333333333,0.0
2064,0.3333333333333333,0.3333333333333333,0.3333333333333333,0.0
2065,0.3333333333333333,0.3333333333333333,0.3333333333333333,0.0
2066,0.3333333333333333,0.3333333333333333,0.3333333333333333,0.0
2067,0.3333333333333333,0.3333333333333333,0.3333333333333333,0.0
2068,0.3333333333333333,0.3333333333333333,0.3333333333333333,0.0
2069,0.3333333333333333,0.3333333333333333,0.3333333333333333,0.0
2070,0.3333333333333333,0.3333333333333333,0.3333333333333333,0.0
2071,0.3333333333333333,0.3333333333333333,0.3333333333333333,0.0
2072,0.3333333333333333,0.3333333333333333,0.3333333333333333,0.0
2073,0.3333333333333333,0.3333333333333333,0.3333333333333333,0.0
2074,0.3333333333333333,0.3333333333333333,0.3333333333333333,0.0
2075,0.3333333333333333,0.3333333333333333,0.3333333333333333,0.0
2076,0.3333333333333333,0.3333333333333333,0.3333333333333333,0.0
2077,0.3333333333333333,0.3333333333333333,0.3333333333333333,0.0
2078,0.3333333333333333,0.3333333333333333,0.3333333333333333,0.0
2079,0.3333333333333333,0.3333333333333333,0.3333333333333333,0.0
2080,0.3333333333333333,0.3333333333333333,0.3333333333333333,0.0
2081,0.3333333333333333,0.3333333333333333,0.3333333333333333,0.0
2082,0.3333333333333333,0.3333333333333333,0.3333333333333333,0.0
2083,0.3333333333333333,0.3333333333333333,0.3333333333333333,0.0
2084,0.3333333333333333,0.3333333333333333,0.3333333333333333,0.0
2085,0.3333333333333333,0.3333333333333333,0.3333333333333333,0.0
2086,0.3333333333333333,0.3333333333333333,0.3333333333333333,0.0
2087,0.3333333333333333,0.3333333333333333,0.3333333333333333,0.0
2088,0.3333333333333333,0.3333333333333333,0.3333333333333333,0.0
2089,0.3333333333333333,0.3333333333333333,0.3333333333333333,0.0
2090,0.3333333333333333,0.3333333333333333,0.3333333333333333,0.0
2091,0.3333333333333333,0.3333333333333333,0.3333333333333333,0.0
2092,0.3333333333333333,0.3333333333333333,0.3333333333333333,0.0
2093,0.3333333333333333,0.3333333333333333,0.3333333333333333,0.0
2094,0.3333333333333333,0.3333333333333333,0.3333333333333333,0.0
2095,0.3333333333333333,0.3333333333333333,0.3333333333333333,0.0
2096,0.3333333333333333,0.3333333333333333,0.3333333333333333,0.0
2097,0.3333333333333333,0.3333333333333333,0.3333333333333333,0.0
2098,0.3333333333333333,0.3333333333333333,0.3333333333333333,0.0
2099,0.3333333333333333,0.3333333333333333,0.3333333333333333,0.0
2100,0.3333333333333333,0.3333333333333333,0.3333333333333333,0.0
2101,0.3333333333333333,0.3333333333333333,0.3333333333333333,0.0
2102,0.3333333333333333,0.3333333333333333,0.3333333333333333,0.0
2103,0.3333333333333333,0.3333333333333333,0.3333333333333333,0.0
2104,0.3333333333333333,0.3333333333333333,0.3333333333333333,0.0
2105,0.3333333333333333,0.3333333333333333,0.3333333333333333,0.0
2106,0.3333333333333333,0.3333333333333333,0.3333333333333333,0.0
2107,0.3333333333333333,0.3333333333333333,0.3333333333333333,0.0
2108,0.3333333333333333,0.3333333333333333,0.3333333333333333,0.0
2109,0.3333333333333333,0.3333333333333333,0.3333333333333333,0.0
2110,0.3333333333333333,0.3333333333333333,0.3333333333333333,0.0
2111,0.3333333333333333,0.3333333333333333,0.3333333333333333,0.0
2112,0.3333333333333333,0.3333333333333333,0.3333333333333333,0.0
2113,0.3333333333333333,0.3333333333333333,0.3333333333333333,0.0
2114,0.3333333333333333,0.3333333333333333,0.3333333333333333,0.0
2115,0.3333333333333333,0.3333333333333333,0.3333333333333333,0.0
2116,0.3333333333333333,0.3333333333333333,0.3333333333333333,0.0
2117,0.3333333333333333,0.3333333333333333,0.3333333333333333,0.0
2118,0.3333333333333333,0.3333333333333333,0.3333333333333333,0.0
2119,0.3333333333333333,0.3333333333333333,0.3333333333333333,0.0
2120,0.3333333333333333,0.3333333333333333,0.3333333333333333,0.0
2121,0.3333333333333333,0.3333333333333333,0.3333333333333333,0.0
2122,0.3333333333333333,0.3333333333333333,0.3333333333333333,0.0
2123,0.3333333333333333,0.3333333333333333,0.3333333333333333,0.0
2124,0.3333333333333333,0.3333333333333333,0.3333333333333333,0.0
2125,0.3333333333333333,0.3333333333333333,0.3333333333333333,0.0
2126,0.3333333333333333,0.3333333333333333,0.3333333333333333,0.0
2127,0.3333333333333333,0.3333333333333333,0.3333333333333333,0.0
2128,0.3333333333333333,0.3333333333333333,0.3333333333333333,0.0
2129,0.3333333333333333,0.3333333333333333,0.3333333333333333,0.0
2130,0.3333333333333333,0.3333333333333333,0.3333333333333333,0.0
2131,0.3333333333333333,0.3333333333333333,0.3333333333333333,0.0
2132,0.3333333333333333,0.3333333333333333,0.3333333333333333,0.0
2133,0.3333333333333333,0.3333333333333333,0.3333333333333333,0.0
2134,0.3333333333333333,0.3333333333333333,0.3333333333333333,0.0
2135,0.3333333333333333,0.3333333333333333,0.3333333333333333,0.0
2136,0.3333333333333333,0.3333333333333333,0.3333333333333333,0.0
2137,0.3333333333333333,0.3333333333333333,0.3333333333333333,0.0
2138,0.3333333333333333,0.3333333333333333,0.3333333333333333,0.0
2139,0.3333333333333333,0.3333333333333333,0.3333333333333333,0.0
2140,0.3333333333333333,0.3333333333333333,0.3333333333333333,0.0
2141,0.3333333333333333,0.3333333333333333,0.3333333333333333,0.0
2142,0.3333333333333333,0.3333333333333333,0.3333333333333333,0.0
2143,0.3333333333333333,0.3333333333333333,0.3333333333333333,0.0
2144,0.3333333333333333,0.3333333333333333,0.3333333333333333,0.0
2145,0.3333333333333333,0.3333333333333333,0.3333333333333333,0.0
2146,0.3333333333333333,0.3333333333333333,0.3333333333333333,0.0
2147,0.3333333333333333,0.3333333333333333,0.3333333333333333,0.0
2148,0.3333333333333333,0.3333333333333333,0.3333333333333333,0.0
2149,0.3333333333333333,0.3333333333333333,0.3333333333333333,0.0
2150,0.3333333333333333,0.3333333333333333,0.3333333333333333,0.0
2151,0.3333333333333333,0.3333333333333333,0.3333333333333333,0.0
2152,0.3333333333333333,0.3333333333333333,0.3333333333333333,0.0
2153,0.3333333333333333,0.3333333333333333,0.3333333333333333,0.0
2154,0.3333333333333333,0.3333333333333333,0.3333333333333333,0.0
2155,0.3333333333333333,0.3333333333333333,0.3333333333333333,0.0
2156,0.3333333333333333,0.3333333333333333,0.3333333333333333,0.0
2157,0.3333333333333333,0.3333333333333333,0.3333333333333333,0.0
2158,0.3333333333333333,0.3333333333333333,0.3333333333333333,0.0
2159,0.3333333333333333,0.3333333333333333,0.3333333333333333,0.0
2160,0.3333333333333333,0.3333333333333333,0.3333333333333333,0.0
2161,0.3333333333333333,0.3333333333333333,0.3333333333333333,0.0
2162,0.3333333333333333,0.3333333333333333,0.3333333333333333,0.0
2163,0.3333333333333333,0.3333333333333333,0.3333333333333333,0.0
2164,0.3333333333333333,0.3333333333333333,0.3333333333333333,0.0
2165,0.3333333333333333,0.3333333333333333,0.3333333333333333,0.0
2166,0.3333333333333333,0.3333333333333333,0.3333333333333333,0.0
2167,0.3333333333333333,0.3333333333333333,0.3333333333333333,0.0
2168,0.3333333333333333,0.3333333333333333,0.3333333333333333,0.0
2169,0.3333333333333333,0.3333333333333333,0.3333333333333333,0.0
2170,0.3333333333333333,0.3333333333333333,0.3333333333333333,0.0
2171,0.3333333333333333,0.3333333333333333,0.3333333333333333,0.0
2172,0.3333333333333333,0.3333333333333333,0.3333333333333333,0.0
2173,0.3333333333333333,0.3333333333333333,0.3333333333333333,0.0
2174,0.3333333333333333,0.3333333333333333,0.3333333333333333,0.0
2175,0.3333333333333333,0.3333333333333333,0.3333333333333333,0.0
2176,0.3333333333333333,0.3333333333333333,0.3333333333333333,0.0
2177,0.3333333333333333,0.3333333333333333,0.3333333333333333,0.0
2178,0.3333333333333333,0.3333333333333333,0.3333333333333333,0.0
2179,0.3333333333333333,0.3333333333333333,0.3333333333333333,0.0
2180,0.3333333333333333,0.3333333333333333,0.3333333333333333,0.0
2181,0.3333333333333333,0.3333333333333333,0.3333333333333333,0.0
2182,0.3333333333333333,0.3333333333333333,0.3333333333333333,0.0
2183,0.3333333333333333,0.3333333333333333,0.3333333333333333,0.0
2184,0.3333333333333333,0.3333333333333333,0.3333333333333333,0.0
2185,0.3333333333333333,0.3333333333333333,0.3333333333333333,0.0
2186,0.3333333333333333,0.3333333333333333,0.3333333333333333,0.0
2187,0.3333333333333333,0.3333333333333333,0.3333333333333333,0.0
2188,0.3333333333333333,0.3333333333333333,0.3333333333333333,0.0
2189,0.3333333333333333,0.3333333333333333,0.3333333333333333,0.0
2190,0.3333333333333333,0.3333333333333333,0.3333333333333333,0.0
2191,0.3333333333333333,0.3333333333333333,0.3333333333333333,0.0
2192,0.3333333333333333,0.3333333333333333,0.3333333333333333,0.0
2193,0.3333333333333333,0.3333333333333333,0.3333333333333333,0.0
2194,0.3333333333333333,0.3333333333333333,0.3333333333333333,0.0
2195,0.3333333333333333,0.3333333333333333,0.3333333333333333,0.0
2196,0.3333333333333333,0.3333333333333333,0.3333333333333333,0.0
2197,0.3333333333333333,0.3333333333333333,0.3333333333333333,0.0
2198,0.3333333333333333,0.3333333333333333,0.3333333333333333,0.0
2199,0.3333333333333333,0.3333333333333333,0.3333333333333333,0.0
2200,0.3333333333333333,0.3333333333333333,0.3333333333333333,0.0
2201,0.3333333333333333,0.3333333333333333,0.3333333333333333,0.0
2202,0.3333333333333333,0.3333333333333333,0.3333333333333333,0.0
2203,0.3333333333333333,0.3333333333333333,0.3333333333333333,0.0
2204,0.3333333333333333,0.3333333333333333,0.3333333333333333,0.0
2205,0.3333333333333333,0.3333333333333333,0.3333333333333333,0.0
2206,0.3333333333333333,0.3333333333333333,0.3333333333333333,0.0
2207,0.3333333333333333,0.3333333333333333,0.3333333333333333,0.0
2208,0.3333333333333333,0.3333333333333333,0.3333333333333333,0.0
2209,0.3333333333333333,0.3333333333333333,0.3333333333333333,0.0
2210,0.3333333333333333,0.3333333333333333,0.3333333333333333,0.0
2211,0.3333333333333333,0.3333333333333333,0.3333333333333333,0.0
2212,0.3333333333333333,0.3333333333333333,0.3333333333333333,0.0
2213,0.3333333333333333,0.3333333333333333,0.3333333333333333,0.0
2214,0.3333333333333333,0.3333333333333333,0.3333333333333333,0.0
2215,0.3333333333333333,0.3333333333333333,0.3333333333333333,0.0
2216,0.3333333333333333,0.3333333333333333,0.3333333333333333,0.0
2217,0.3333333333333333,0.3333333333333333,0.3333333333333333,0.0
2218,0.3333333333333333,0.3333333333333333,0.3333333333333333,0.0
2219,0.3333333333333333,0.3333333333333333,0.3333333333333333,0.0
2220,0.25,0.25,0.25,0.25
2221,0.25,0.25,0.25,0.25
2222,0.25,0.25,0.25,0.25
2223,0.25,0.25,0.25,0.25
2224,0.25,0.25,0.25,0.25
2225,0.25,0.25,0.25,0.25
2226,0.25,0.25,0.25,0.25
2227,0.25,0.25,0.25,0.25
2228,0.25,0.25,0.25,0.25
2229,0.25,0.25,0.25,0.25
2230,0.25,0.25,0.25,0.25
2231,0.25,0.25,0.25,0.25
2232,0.25,0.25,0.25,0.25
2233,0.25,0.25,0.25,0.25
2234,0.25,0.25,0.25,0.25
2235,0.25,0.25,0.25,0.25
2236,0.25,0.25,0.25,0.25
2237,0.25,0.25,0.25,0.25
2238,0.25,0.25,0.25,0.25
2239,0.25,0.25,0.25,0.25
2240,0.25,0.25,0.25,0.25
2241,0.25,0.25,0.25,0.25
2242,0.25,0.25,0.25,0.25
2243,0.25,0.25,0.25,0.25
2244,0.25,0.25,0.25,0.25
2245,0.25,0.25,0.25,0.25
2246,0.25,0.25,0.25,0.25
2247,0.25,0.25,0.25,0.25
2248,0.25,0.25,0.25,0.25
2249,0.25,0.25,0.25,0.25
2250,0.25,0.25,0.25,0.25
2251,0.25,0.25,0.25,0.25
2252,0.25,0.25,0.25,0.25
2253,0.25,0.25,0.25,0.25
2254,0.25,0.25,0.25,0.25
2255,0.25,0.25,0.25,0.25
2256,0.25,0.25,0.25,0.25
2257,0.25,0.25,0.25,0.25
2258,0.25,0.25,0.25,0.25
2259,0.25,0.25,0.25,0.25
2260,0.25,0.25,0.25,0.25
2261,0.25,0.25,0.25,0.25
2262,0.25,0.25,0.25,0.25
2263,0.25,0.25,0.25,0.25
2264,0.25,0.25,0.25,0.25
2265,0.25,0.25,0.25,0.25
2266,0.25,0.25,0.25,0.25
2267,0.25,0.25,0.25,0.25
2268,0.25,0.25,0.25,0.25
2269,0.25,0.25,0.25,0.25
2270,0.25,0.25,0.25,0.25
2271,0.25,0.25,0.25,0.25
2272,0.25,0.25,0.25,0.25
2273,0.25,0.25,0.25,0.25
2274,0.25,0.25,0.25,0.25
2275,0.25,0.25,0.25,0.25
2276,0.25,0.25,0.25,0.25
2277,0.25,0.25,0.25,0.25
2278,0.25,0.25,0.25,0.25
2279,0.25,0.25,0.25,0.25
2280,0.25,0.25,0.25,0.25
2281,0.25,0.25,0.25,0.25
2282,0.25,0.25,0.25,0.25
2283,0.25,0.25,0.25,0.25
2284,0.25,0.25,0.25,0.25
2285,0.25,0.25,0.25,0.25
2286,0.25,0.25,0.25,0.25
2287,0.25,0.25,0.25,0.25
2288,0.25,0.25,0.25,0.25
2289,0.25,0.25,0.25,0.25
2290,0.25,0.25,0.25,0.25
2291,0.25,0.25,0.25,0.25
2292,0.25,0.25,0.25,0.25
2293,0.25,0.25,0.25,0.25
2294,0.25,0.25,0.25,0.25
2295,0.25,0.25,0.25,0.25
2296,0.25,0.25,0.25,0.25
2297,0.25,0.25,0.25,0.25
2298,0.25,0.25,0.25,0.25
2299,0.25,0.25,0.25,0.25
2300,0.25,0.25,0.25,0.25
2301,0.25,0.25,0.25,0.25
2302,0.25,0.25,0.25,0.25
2303,0.25,0.25,0.25,0.25
2304,0.25,0.25,0.25,0.25
2305,0.25,0.25,0.25,0.25
2306,0.25,0.25,0.25,0.25
2307,0.25,0.25,0.25,0.25
2308,0.25,0.25,0.25,0.25
2309,0.25,0.25,0.25,0.25
2310,0.25,0.25,0.25,0.25
2311,0.25,0.25,0.25,0.25
2312,0.25,0.25,0.25,0.25
2313,0.25,0.25,0.25,0.25
2314,0.25,0.25,0.25,0.25
2315,0.25,0.25,0.25,0.25
2316,0.25,0.25,0.25,0.25
2317,0.25,0.25,0.25,0.25
